
IF NOT EXISTS (
		SELECT 'X'
		FROM INFORMATION_SCHEMA.TABLES
		WHERE TABLE_NAME = 'HIERARCHY_COLUMN_SELECT'
			AND TABLE_SCHEMA = 'DBO'
		)
BEGIN
	CREATE TABLE [DBO].[HIERARCHY_COLUMN_SELECT] (
		MASTER_TABLE_SID INT
		,ACTUAL_COLUMN_NAME VARCHAR(50)
		,REFERENCE_TABLE_NAME VARCHAR(50)
		,MAPPING_COLUMN_NAME VARCHAR(50)
		,DESC_COLUMN_NAME VARCHAR(50)
		)
END
GO

IF EXISTS(SELECT 1 FROM HIERARCHY_COLUMN_SELECT)
BEGIN
	TRUNCATE TABLE HIERARCHY_COLUMN_SELECT
END
GO 
---exec GENERATE_INSERTS 'HIERARCHY_COLUMN_SELECT','','','',''

INSERT INTO [HIERARCHY_COLUMN_SELECT] ([MASTER_TABLE_SID],[ACTUAL_COLUMN_NAME],[REFERENCE_TABLE_NAME],[MAPPING_COLUMN_NAME],[DESC_COLUMN_NAME]) VALUES (1,'BUNIT_COMPANY_MASTER_SID','COMPANY_MASTER','COMPANY_MASTER_SID','COMPANY_NO')
INSERT INTO [HIERARCHY_COLUMN_SELECT] ([MASTER_TABLE_SID],[ACTUAL_COLUMN_NAME],[REFERENCE_TABLE_NAME],[MAPPING_COLUMN_NAME],[DESC_COLUMN_NAME]) VALUES (1,'CONT_HOLD_COMPANY_MASTER_SID','COMPANY_MASTER','COMPANY_MASTER_SID','COMPANY_NAME')
INSERT INTO [HIERARCHY_COLUMN_SELECT] ([MASTER_TABLE_SID],[ACTUAL_COLUMN_NAME],[REFERENCE_TABLE_NAME],[MAPPING_COLUMN_NAME],[DESC_COLUMN_NAME]) VALUES (1,'MANF_COMPANY_MASTER_SID','COMPANY_MASTER','COMPANY_MASTER_SID','COMPANY_NO')
INSERT INTO [HIERARCHY_COLUMN_SELECT] ([MASTER_TABLE_SID],[ACTUAL_COLUMN_NAME],[REFERENCE_TABLE_NAME],[MAPPING_COLUMN_NAME],[DESC_COLUMN_NAME]) VALUES (12,'BRAND_MASTER_SID','BRAND_MASTER','BRAND_MASTER_SID','BRAND_NAME')
INSERT INTO [HIERARCHY_COLUMN_SELECT] ([MASTER_TABLE_SID],[ACTUAL_COLUMN_NAME],[REFERENCE_TABLE_NAME],[MAPPING_COLUMN_NAME],[DESC_COLUMN_NAME]) VALUES (12,'NDC9','ITEM_MASTER','ITEM_MASTER_SID','ITEM_NAME')
INSERT INTO [HIERARCHY_COLUMN_SELECT] ([MASTER_TABLE_SID],[ACTUAL_COLUMN_NAME],[REFERENCE_TABLE_NAME],[MAPPING_COLUMN_NAME],[DESC_COLUMN_NAME]) VALUES (12,'ORGANIZATION_KEY','COMPANY_MASTER','COMPANY_MASTER_SID','COMPANY_NO')
INSERT INTO [HIERARCHY_COLUMN_SELECT] ([MASTER_TABLE_SID],[ACTUAL_COLUMN_NAME],[REFERENCE_TABLE_NAME],[MAPPING_COLUMN_NAME],[DESC_COLUMN_NAME]) VALUES (10,'ITEM_MASTER_SID','ITEM_MASTER','ITEM_MASTER_SID','ITEM_NO')
INSERT INTO [HIERARCHY_COLUMN_SELECT] ([MASTER_TABLE_SID],[ACTUAL_COLUMN_NAME],[REFERENCE_TABLE_NAME],[MAPPING_COLUMN_NAME],[DESC_COLUMN_NAME]) VALUES (10,'ITEM_QUALIFIER_SID','ITEM_QUALIFIER','ITEM_QUALIFIER_SID','ITEM_QUALIFIER_NAME')
INSERT INTO [HIERARCHY_COLUMN_SELECT] ([MASTER_TABLE_SID],[ACTUAL_COLUMN_NAME],[REFERENCE_TABLE_NAME],[MAPPING_COLUMN_NAME],[DESC_COLUMN_NAME]) VALUES (5,'COMPANY_MASTER_SID','COMPANY_MASTER','COMPANY_MASTER_SID','COMPANY_NO')
INSERT INTO [HIERARCHY_COLUMN_SELECT] ([MASTER_TABLE_SID],[ACTUAL_COLUMN_NAME],[REFERENCE_TABLE_NAME],[MAPPING_COLUMN_NAME],[DESC_COLUMN_NAME]) VALUES (5,'COMPANY_QUALIFIER_SID','COMPANY_QUALIFIER','COMPANY_QUALIFIER_SID','COMPANY_QUALIFIER_NAME')
INSERT INTO [HIERARCHY_COLUMN_SELECT] ([MASTER_TABLE_SID],[ACTUAL_COLUMN_NAME],[REFERENCE_TABLE_NAME],[MAPPING_COLUMN_NAME],[DESC_COLUMN_NAME]) VALUES (6,'COMPANY_MASTER_SID','COMPANY_MASTER','COMPANY_MASTER_SID','COMPANY_NO')
INSERT INTO [HIERARCHY_COLUMN_SELECT] ([MASTER_TABLE_SID],[ACTUAL_COLUMN_NAME],[REFERENCE_TABLE_NAME],[MAPPING_COLUMN_NAME],[DESC_COLUMN_NAME]) VALUES (6,'PARENT_COMPANY_MASTER_SID','COMPANY_MASTER','COMPANY_MASTER_SID','COMPANY_NO')
INSERT INTO [HIERARCHY_COLUMN_SELECT] ([MASTER_TABLE_SID],[ACTUAL_COLUMN_NAME],[REFERENCE_TABLE_NAME],[MAPPING_COLUMN_NAME],[DESC_COLUMN_NAME]) VALUES (6,'PRIOR_PARENT_CMPY_MASTER_SID','COMPANY_MASTER','COMPANY_MASTER_SID','COMPANY_NO')
INSERT INTO [HIERARCHY_COLUMN_SELECT] ([MASTER_TABLE_SID],[ACTUAL_COLUMN_NAME],[REFERENCE_TABLE_NAME],[MAPPING_COLUMN_NAME],[DESC_COLUMN_NAME]) VALUES (7,'COMPANY_MASTER_SID','COMPANY_MASTER','COMPANY_MASTER_SID','COMPANY_NO')
INSERT INTO [HIERARCHY_COLUMN_SELECT] ([MASTER_TABLE_SID],[ACTUAL_COLUMN_NAME],[REFERENCE_TABLE_NAME],[MAPPING_COLUMN_NAME],[DESC_COLUMN_NAME]) VALUES (13,'CFP_CONTRACT_SID','CFP_CONTRACT','CFP_CONTRACT_SID','CFP_NAME')
INSERT INTO [HIERARCHY_COLUMN_SELECT] ([MASTER_TABLE_SID],[ACTUAL_COLUMN_NAME],[REFERENCE_TABLE_NAME],[MAPPING_COLUMN_NAME],[DESC_COLUMN_NAME]) VALUES (13,'CONTRACT_MASTER_SID','CONTRACT_MASTER','CONTRACT_MASTER_SID','CONTRACT_NO')
INSERT INTO [HIERARCHY_COLUMN_SELECT] ([MASTER_TABLE_SID],[ACTUAL_COLUMN_NAME],[REFERENCE_TABLE_NAME],[MAPPING_COLUMN_NAME],[DESC_COLUMN_NAME]) VALUES (13,'IFP_CONTRACT_SID','IFP_CONTRACT','IFP_CONTRACT_SID','IFP_NAME')
INSERT INTO [HIERARCHY_COLUMN_SELECT] ([MASTER_TABLE_SID],[ACTUAL_COLUMN_NAME],[REFERENCE_TABLE_NAME],[MAPPING_COLUMN_NAME],[DESC_COLUMN_NAME]) VALUES (13,'PS_CONTRACT_SID','PS_CONTRACT','PS_CONTRACT_SID','PS_NAME')
INSERT INTO [HIERARCHY_COLUMN_SELECT] ([MASTER_TABLE_SID],[ACTUAL_COLUMN_NAME],[REFERENCE_TABLE_NAME],[MAPPING_COLUMN_NAME],[DESC_COLUMN_NAME]) VALUES (13,'RS_MODEL_SID','RS_MODEL','RS_MODEL_SID','RS_NO')
INSERT INTO [HIERARCHY_COLUMN_SELECT] ([MASTER_TABLE_SID],[ACTUAL_COLUMN_NAME],[REFERENCE_TABLE_NAME],[MAPPING_COLUMN_NAME],[DESC_COLUMN_NAME]) VALUES (15,'DEDUCTION_CALENDAR_MASTER_SID','DEDUCTION_CALENDAR_MASTER','DEDUCTION_CALENDAR_MASTER_SID','DEDUCTION_CALENDAR_NO')
INSERT INTO [HIERARCHY_COLUMN_SELECT] ([MASTER_TABLE_SID],[ACTUAL_COLUMN_NAME],[REFERENCE_TABLE_NAME],[MAPPING_COLUMN_NAME],[DESC_COLUMN_NAME]) VALUES (15,'ITEM_MASTER_SID','ITEM_MASTER','ITEM_MASTER_SID','ITEM_NO')
INSERT INTO [HIERARCHY_COLUMN_SELECT] ([MASTER_TABLE_SID],[ACTUAL_COLUMN_NAME],[REFERENCE_TABLE_NAME],[MAPPING_COLUMN_NAME],[DESC_COLUMN_NAME]) VALUES (15,'NET_SALES_FORMULA_MASTER_SID','NET_SALES_FORMULA_MASTER','NET_SALES_FORMULA_MASTER_SID','NET_SALES_FORMULA_NO')
INSERT INTO [HIERARCHY_COLUMN_SELECT] ([MASTER_TABLE_SID],[ACTUAL_COLUMN_NAME],[REFERENCE_TABLE_NAME],[MAPPING_COLUMN_NAME],[DESC_COLUMN_NAME]) VALUES (15,'REBATE_PLAN_MASTER_SID','REBATE_PLAN_MASTER','REBATE_PLAN_MASTER_SID','REBATE_PLAN_NO')
INSERT INTO [HIERARCHY_COLUMN_SELECT] ([MASTER_TABLE_SID],[ACTUAL_COLUMN_NAME],[REFERENCE_TABLE_NAME],[MAPPING_COLUMN_NAME],[DESC_COLUMN_NAME]) VALUES (15,'RS_CONTRACT_SID','RS_CONTRACT','RS_CONTRACT_SID','RS_NO')
GO


IF NOT EXISTS (
		SELECT 'X'
		FROM INFORMATION_SCHEMA.TABLES
		WHERE TABLE_NAME = 'HIERARCHY_HELPER_SELECT'
			AND TABLE_SCHEMA = 'DBO'
		)
BEGIN
	CREATE TABLE [DBO].[HIERARCHY_HELPER_SELECT] (
		MASTER_TABLE_SID INT
		,ACTUAL_COLUMN_NAME VARCHAR(50)
		)
END
GO


IF EXISTS(SELECT 1 FROM HIERARCHY_HELPER_SELECT)
BEGIN
	TRUNCATE TABLE HIERARCHY_HELPER_SELECT
END
GO 

INSERT INTO [HIERARCHY_HELPER_SELECT] ([MASTER_TABLE_SID],[ACTUAL_COLUMN_NAME]) VALUES (1,'AWARD_STATUS')
INSERT INTO [HIERARCHY_HELPER_SELECT] ([MASTER_TABLE_SID],[ACTUAL_COLUMN_NAME]) VALUES (1,'CONTRACT_STATUS')
INSERT INTO [HIERARCHY_HELPER_SELECT] ([MASTER_TABLE_SID],[ACTUAL_COLUMN_NAME]) VALUES (1,'CONTRACT_TRADE_CLASS')
INSERT INTO [HIERARCHY_HELPER_SELECT] ([MASTER_TABLE_SID],[ACTUAL_COLUMN_NAME]) VALUES (1,'CONTRACT_TYPE')
INSERT INTO [HIERARCHY_HELPER_SELECT] ([MASTER_TABLE_SID],[ACTUAL_COLUMN_NAME]) VALUES (1,'DOCUMENT_CLASS')
INSERT INTO [HIERARCHY_HELPER_SELECT] ([MASTER_TABLE_SID],[ACTUAL_COLUMN_NAME]) VALUES (1,'DOCUMENT_TYPE')
INSERT INTO [HIERARCHY_HELPER_SELECT] ([MASTER_TABLE_SID],[ACTUAL_COLUMN_NAME]) VALUES (1,'PAYMENT_TERMS')
INSERT INTO [HIERARCHY_HELPER_SELECT] ([MASTER_TABLE_SID],[ACTUAL_COLUMN_NAME]) VALUES (4,'COMPANY_CATEGORY')
INSERT INTO [HIERARCHY_HELPER_SELECT] ([MASTER_TABLE_SID],[ACTUAL_COLUMN_NAME]) VALUES (8,'COMPANY_CATEGORY')
INSERT INTO [HIERARCHY_HELPER_SELECT] ([MASTER_TABLE_SID],[ACTUAL_COLUMN_NAME]) VALUES (4,'COMPANY_GROUP')
INSERT INTO [HIERARCHY_HELPER_SELECT] ([MASTER_TABLE_SID],[ACTUAL_COLUMN_NAME]) VALUES (8,'COMPANY_GROUP')
INSERT INTO [HIERARCHY_HELPER_SELECT] ([MASTER_TABLE_SID],[ACTUAL_COLUMN_NAME]) VALUES (4,'COMPANY_STATUS')
INSERT INTO [HIERARCHY_HELPER_SELECT] ([MASTER_TABLE_SID],[ACTUAL_COLUMN_NAME]) VALUES (8,'COMPANY_STATUS')
INSERT INTO [HIERARCHY_HELPER_SELECT] ([MASTER_TABLE_SID],[ACTUAL_COLUMN_NAME]) VALUES (4,'COMPANY_TYPE')
INSERT INTO [HIERARCHY_HELPER_SELECT] ([MASTER_TABLE_SID],[ACTUAL_COLUMN_NAME]) VALUES (8,'COMPANY_TYPE')
INSERT INTO [HIERARCHY_HELPER_SELECT] ([MASTER_TABLE_SID],[ACTUAL_COLUMN_NAME]) VALUES (4,'COUNTRY')
INSERT INTO [HIERARCHY_HELPER_SELECT] ([MASTER_TABLE_SID],[ACTUAL_COLUMN_NAME]) VALUES (8,'COUNTRY')
INSERT INTO [HIERARCHY_HELPER_SELECT] ([MASTER_TABLE_SID],[ACTUAL_COLUMN_NAME]) VALUES (4,'ORGANIZATION_KEY')
INSERT INTO [HIERARCHY_HELPER_SELECT] ([MASTER_TABLE_SID],[ACTUAL_COLUMN_NAME]) VALUES (8,'ORGANIZATION_KEY')
INSERT INTO [HIERARCHY_HELPER_SELECT] ([MASTER_TABLE_SID],[ACTUAL_COLUMN_NAME]) VALUES (4,'STATE')
INSERT INTO [HIERARCHY_HELPER_SELECT] ([MASTER_TABLE_SID],[ACTUAL_COLUMN_NAME]) VALUES (8,'STATE')
INSERT INTO [HIERARCHY_HELPER_SELECT] ([MASTER_TABLE_SID],[ACTUAL_COLUMN_NAME]) VALUES (12,'FORM')
INSERT INTO [HIERARCHY_HELPER_SELECT] ([MASTER_TABLE_SID],[ACTUAL_COLUMN_NAME]) VALUES (12,'ITEM_CATEGORY')
INSERT INTO [HIERARCHY_HELPER_SELECT] ([MASTER_TABLE_SID],[ACTUAL_COLUMN_NAME]) VALUES (12,'ITEM_CLASS')
INSERT INTO [HIERARCHY_HELPER_SELECT] ([MASTER_TABLE_SID],[ACTUAL_COLUMN_NAME]) VALUES (12,'ITEM_STATUS')
INSERT INTO [HIERARCHY_HELPER_SELECT] ([MASTER_TABLE_SID],[ACTUAL_COLUMN_NAME]) VALUES (12,'ITEM_TYPE')
INSERT INTO [HIERARCHY_HELPER_SELECT] ([MASTER_TABLE_SID],[ACTUAL_COLUMN_NAME]) VALUES (12,'ITEM_TYPE_INDICATION')
INSERT INTO [HIERARCHY_HELPER_SELECT] ([MASTER_TABLE_SID],[ACTUAL_COLUMN_NAME]) VALUES (12,'PACKAGE_SIZE')
INSERT INTO [HIERARCHY_HELPER_SELECT] ([MASTER_TABLE_SID],[ACTUAL_COLUMN_NAME]) VALUES (12,'PRIMARY_UOM')
INSERT INTO [HIERARCHY_HELPER_SELECT] ([MASTER_TABLE_SID],[ACTUAL_COLUMN_NAME]) VALUES (12,'SECONDARY_UOM')
INSERT INTO [HIERARCHY_HELPER_SELECT] ([MASTER_TABLE_SID],[ACTUAL_COLUMN_NAME]) VALUES (12,'SHELF_LIFE_TYPE')
INSERT INTO [HIERARCHY_HELPER_SELECT] ([MASTER_TABLE_SID],[ACTUAL_COLUMN_NAME]) VALUES (12,'STRENGTH')
INSERT INTO [HIERARCHY_HELPER_SELECT] ([MASTER_TABLE_SID],[ACTUAL_COLUMN_NAME]) VALUES (12,'THERAPEUTIC_CLASS')
INSERT INTO [HIERARCHY_HELPER_SELECT] ([MASTER_TABLE_SID],[ACTUAL_COLUMN_NAME]) VALUES (10,'IDENTIFIER_STATUS')
INSERT INTO [HIERARCHY_HELPER_SELECT] ([MASTER_TABLE_SID],[ACTUAL_COLUMN_NAME]) VALUES (5,'IDENTIFIER_STATUS')
INSERT INTO [HIERARCHY_HELPER_SELECT] ([MASTER_TABLE_SID],[ACTUAL_COLUMN_NAME]) VALUES (7,'COMPANY_TRADE_CLASS')
INSERT INTO [HIERARCHY_HELPER_SELECT] ([MASTER_TABLE_SID],[ACTUAL_COLUMN_NAME]) VALUES (7,'PRIOR_TRADE_CLASS')
INSERT INTO [HIERARCHY_HELPER_SELECT] ([MASTER_TABLE_SID],[ACTUAL_COLUMN_NAME]) VALUES (13,'INTEREST_BEARING_BASIS')
INSERT INTO [HIERARCHY_HELPER_SELECT] ([MASTER_TABLE_SID],[ACTUAL_COLUMN_NAME]) VALUES (13,'INTEREST_BEARING_INDICATOR')
INSERT INTO [HIERARCHY_HELPER_SELECT] ([MASTER_TABLE_SID],[ACTUAL_COLUMN_NAME]) VALUES (13,'PAYMENT_FREQUENCY')
INSERT INTO [HIERARCHY_HELPER_SELECT] ([MASTER_TABLE_SID],[ACTUAL_COLUMN_NAME]) VALUES (13,'PAYMENT_METHOD')
INSERT INTO [HIERARCHY_HELPER_SELECT] ([MASTER_TABLE_SID],[ACTUAL_COLUMN_NAME]) VALUES (13,'PAYMENT_TERMS')
INSERT INTO [HIERARCHY_HELPER_SELECT] ([MASTER_TABLE_SID],[ACTUAL_COLUMN_NAME]) VALUES (13,'REBATE_FREQUENCY')
INSERT INTO [HIERARCHY_HELPER_SELECT] ([MASTER_TABLE_SID],[ACTUAL_COLUMN_NAME]) VALUES (13,'REBATE_PLAN_LEVEL')
INSERT INTO [HIERARCHY_HELPER_SELECT] ([MASTER_TABLE_SID],[ACTUAL_COLUMN_NAME]) VALUES (13,'REBATE_PROCESSING_TYPE')
INSERT INTO [HIERARCHY_HELPER_SELECT] ([MASTER_TABLE_SID],[ACTUAL_COLUMN_NAME]) VALUES (13,'REBATE_PROGRAM_TYPE')
INSERT INTO [HIERARCHY_HELPER_SELECT] ([MASTER_TABLE_SID],[ACTUAL_COLUMN_NAME]) VALUES (13,'REBATE_RULE_TYPE')
INSERT INTO [HIERARCHY_HELPER_SELECT] ([MASTER_TABLE_SID],[ACTUAL_COLUMN_NAME]) VALUES (13,'RS_CALENDAR')
INSERT INTO [HIERARCHY_HELPER_SELECT] ([MASTER_TABLE_SID],[ACTUAL_COLUMN_NAME]) VALUES (13,'RS_CATEGORY')
INSERT INTO [HIERARCHY_HELPER_SELECT] ([MASTER_TABLE_SID],[ACTUAL_COLUMN_NAME]) VALUES (13,'RS_CONTRACT_ATTACHED_STATUS')
INSERT INTO [HIERARCHY_HELPER_SELECT] ([MASTER_TABLE_SID],[ACTUAL_COLUMN_NAME]) VALUES (13,'RS_DESIGNATION')
INSERT INTO [HIERARCHY_HELPER_SELECT] ([MASTER_TABLE_SID],[ACTUAL_COLUMN_NAME]) VALUES (13,'RS_STATUS')
INSERT INTO [HIERARCHY_HELPER_SELECT] ([MASTER_TABLE_SID],[ACTUAL_COLUMN_NAME]) VALUES (13,'RS_TRADE_CLASS')
INSERT INTO [HIERARCHY_HELPER_SELECT] ([MASTER_TABLE_SID],[ACTUAL_COLUMN_NAME]) VALUES (13,'RS_TYPE')
INSERT INTO [HIERARCHY_HELPER_SELECT] ([MASTER_TABLE_SID],[ACTUAL_COLUMN_NAME]) VALUES (13,'RS_VALIDATION_PROFILE')
INSERT INTO [HIERARCHY_HELPER_SELECT] ([MASTER_TABLE_SID],[ACTUAL_COLUMN_NAME]) VALUES (13,'STATE')
INSERT INTO [HIERARCHY_HELPER_SELECT] ([MASTER_TABLE_SID],[ACTUAL_COLUMN_NAME]) VALUES (14,'UDC1')
INSERT INTO [HIERARCHY_HELPER_SELECT] ([MASTER_TABLE_SID],[ACTUAL_COLUMN_NAME]) VALUES (14,'UDC2')
INSERT INTO [HIERARCHY_HELPER_SELECT] ([MASTER_TABLE_SID],[ACTUAL_COLUMN_NAME]) VALUES (14,'UDC3')
INSERT INTO [HIERARCHY_HELPER_SELECT] ([MASTER_TABLE_SID],[ACTUAL_COLUMN_NAME]) VALUES (14,'UDC4')
INSERT INTO [HIERARCHY_HELPER_SELECT] ([MASTER_TABLE_SID],[ACTUAL_COLUMN_NAME]) VALUES (14,'UDC5')
INSERT INTO [HIERARCHY_HELPER_SELECT] ([MASTER_TABLE_SID],[ACTUAL_COLUMN_NAME]) VALUES (14,'UDC6')
INSERT INTO [HIERARCHY_HELPER_SELECT] ([MASTER_TABLE_SID],[ACTUAL_COLUMN_NAME]) VALUES (14,'UDC7')
INSERT INTO [HIERARCHY_HELPER_SELECT] ([MASTER_TABLE_SID],[ACTUAL_COLUMN_NAME]) VALUES (14,'UDC8')
INSERT INTO [HIERARCHY_HELPER_SELECT] ([MASTER_TABLE_SID],[ACTUAL_COLUMN_NAME]) VALUES (14,'UDC9')
INSERT INTO [HIERARCHY_HELPER_SELECT] ([MASTER_TABLE_SID],[ACTUAL_COLUMN_NAME]) VALUES (14,'UDC10')
INSERT INTO [HIERARCHY_HELPER_SELECT] ([MASTER_TABLE_SID],[ACTUAL_COLUMN_NAME]) VALUES (14,'UDC11')
INSERT INTO [HIERARCHY_HELPER_SELECT] ([MASTER_TABLE_SID],[ACTUAL_COLUMN_NAME]) VALUES (14,'UDC12')

GO
IF NOT EXISTS (
		SELECT 'X'
		FROM INFORMATION_SCHEMA.TABLES
		WHERE TABLE_NAME = 'HIERARCHY_SITUTATION_TABLE'
			AND TABLE_SCHEMA = 'DBO'
		)
BEGIN
	CREATE TABLE [DBO].[HIERARCHY_SITUTATION_TABLE] (
		HIERARCHY_SITUTATION_TABLE_SID INT IDENTITY(1,1) NOT NULL ,
		SITUTATION_NAME VARCHAR(50)
	
		)
END
GO


IF NOT EXISTS(SELECT 1
              FROM   SYS.KEY_CONSTRAINTS
              WHERE  Object_name(PARENT_OBJECT_ID) = 'HIERARCHY_SITUTATION_TABLE'
                     AND Schema_name(SCHEMA_ID) = 'DBO'
                     AND NAME = 'PK_HIERARCHY_SITUTATION_TABLE_HIERARCHY_SITUTATION_TABLE_SID'
                     AND TYPE = 'PK')
  BEGIN
      ALTER TABLE [DBO].HIERARCHY_SITUTATION_TABLE
        ADD CONSTRAINT PK_HIERARCHY_SITUTATION_TABLE_HIERARCHY_SITUTATION_TABLE_SID PRIMARY KEY ( HIERARCHY_SITUTATION_TABLE_SID)
  END

GO



IF EXISTS(SELECT 1 FROM HIERARCHY_SITUTATION_TABLE)
BEGIN
	TRUNCATE TABLE HIERARCHY_SITUTATION_TABLE
END
GO 

SET IDENTITY_INSERT HIERARCHY_SITUTATION_TABLE ON 

INSERT INTO [HIERARCHY_SITUTATION_TABLE] ([HIERARCHY_SITUTATION_TABLE_SID],[SITUTATION_NAME]) VALUES (1,'AUTOMATIC_INSERT')
INSERT INTO [HIERARCHY_SITUTATION_TABLE] ([HIERARCHY_SITUTATION_TABLE_SID],[SITUTATION_NAME]) VALUES (2,'CCP_INSERT')
INSERT INTO [HIERARCHY_SITUTATION_TABLE] ([HIERARCHY_SITUTATION_TABLE_SID],[SITUTATION_NAME]) VALUES (3,'LOAD_AVAILABLE_TABLE')
INSERT INTO [HIERARCHY_SITUTATION_TABLE] ([HIERARCHY_SITUTATION_TABLE_SID],[SITUTATION_NAME]) VALUES (4,'CHECK_AUTO_UPDATE')
INSERT INTO [HIERARCHY_SITUTATION_TABLE] ([HIERARCHY_SITUTATION_TABLE_SID],[SITUTATION_NAME]) VALUES (5,'LOAD_DISCOUNT')
INSERT INTO [HIERARCHY_SITUTATION_TABLE] ([HIERARCHY_SITUTATION_TABLE_SID],[SITUTATION_NAME]) VALUES (6,'LOAD_DISCOUNT_PRODUCT')
INSERT INTO [HIERARCHY_SITUTATION_TABLE] ([HIERARCHY_SITUTATION_TABLE_SID],[SITUTATION_NAME]) VALUES (7,'AUTO_UPDATE_DEDUCTION')
INSERT INTO [HIERARCHY_SITUTATION_TABLE] ([HIERARCHY_SITUTATION_TABLE_SID],[SITUTATION_NAME]) VALUES (8,'AUTO_UPDATE_DEDUCTION_PRODUCT')
INSERT INTO [HIERARCHY_SITUTATION_TABLE] ([HIERARCHY_SITUTATION_TABLE_SID],[SITUTATION_NAME]) VALUES (9,'LOAD_AVAILABLE_TABLE_FOR_NDC')
INSERT INTO [HIERARCHY_SITUTATION_TABLE] ([HIERARCHY_SITUTATION_TABLE_SID],[SITUTATION_NAME]) VALUES (10,'LOAD_AVAILABLE_TABLE_PRODUCT')
INSERT INTO [HIERARCHY_SITUTATION_TABLE] ([HIERARCHY_SITUTATION_TABLE_SID],[SITUTATION_NAME]) VALUES (11,'CHECK_AUTO_UPDATE_DEDUCTION')
INSERT INTO [HIERARCHY_SITUTATION_TABLE] ([HIERARCHY_SITUTATION_TABLE_SID],[SITUTATION_NAME]) VALUES (12,'CCP_INSERT_CUSTOMER')
INSERT INTO [HIERARCHY_SITUTATION_TABLE] ([HIERARCHY_SITUTATION_TABLE_SID],[SITUTATION_NAME]) VALUES (13,'CCP_INSERT_PRODUCT')
INSERT INTO [HIERARCHY_SITUTATION_TABLE] ([HIERARCHY_SITUTATION_TABLE_SID],[SITUTATION_NAME]) VALUES (14,'CCP_PRODUCT_CUSTOMER')
INSERT INTO [HIERARCHY_SITUTATION_TABLE] ([HIERARCHY_SITUTATION_TABLE_SID],[SITUTATION_NAME]) VALUES (15,'LOAD_SELECTED_PRODUCT')
INSERT INTO [HIERARCHY_SITUTATION_TABLE] ([HIERARCHY_SITUTATION_TABLE_SID],[SITUTATION_NAME]) VALUES (16,'LOAD_SELECTED_CUSTOMER')

SET IDENTITY_INSERT HIERARCHY_SITUTATION_TABLE OFF 


IF NOT EXISTS (
		SELECT 'X'
		FROM INFORMATION_SCHEMA.TABLES
		WHERE TABLE_NAME = 'HIERARCHY_SITUTATION_DETAILS'
			AND TABLE_SCHEMA = 'DBO'
		)
BEGIN
	CREATE TABLE [DBO].[HIERARCHY_SITUTATION_DETAILS] (
		HIERARCHY_SITUTATION_DETAILS_SID INT IDENTITY(1, 1) NOT NULL
		,HIERARCHY_SITUTATION_TABLE_SID INT
		,TABLE_NAME VARCHAR(500)
		,ALIAS_NAME VARCHAR(500)
		,JOIN_TYPE VARCHAR(500)
		,FILTER_COLUMN VARCHAR(500)
		)
END
GO



IF NOT EXISTS(SELECT 1
              FROM   SYS.KEY_CONSTRAINTS
              WHERE  Object_name(PARENT_OBJECT_ID) = 'HIERARCHY_SITUTATION_DETAILS'
                     AND Schema_name(SCHEMA_ID) = 'DBO'
                     AND NAME = 'PK_HIERARCHY_SITUTATION_DETAILS_HIERARCHY_SITUTATION_DETAILS_SID'
                     AND TYPE = 'PK')
  BEGIN
      ALTER TABLE [DBO].HIERARCHY_SITUTATION_DETAILS
        ADD CONSTRAINT PK_HIERARCHY_SITUTATION_DETAILS_HIERARCHY_SITUTATION_DETAILS_SID PRIMARY KEY ( HIERARCHY_SITUTATION_DETAILS_SID)
  END

GO

IF EXISTS(SELECT 1 FROM HIERARCHY_SITUTATION_DETAILS)
BEGIN
	TRUNCATE TABLE HIERARCHY_SITUTATION_DETAILS
END
GO 

SET IDENTITY_INSERT HIERARCHY_SITUTATION_DETAILS ON 


INSERT INTO [HIERARCHY_SITUTATION_DETAILS] ([HIERARCHY_SITUTATION_DETAILS_SID],[HIERARCHY_SITUTATION_TABLE_SID],[TABLE_NAME],[ALIAS_NAME],[JOIN_TYPE],[FILTER_COLUMN]) VALUES (1,1,'#SELECTED_RElATION_SHIP','RELATIONSHIP_LEVEL_DEFINITION','JOIN',NULL)
INSERT INTO [HIERARCHY_SITUTATION_DETAILS] ([HIERARCHY_SITUTATION_DETAILS_SID],[HIERARCHY_SITUTATION_TABLE_SID],[TABLE_NAME],[ALIAS_NAME],[JOIN_TYPE],[FILTER_COLUMN]) VALUES (2,1,'#SELECTED_RElATION_SHIP','RELATION_DATE_FILTER','JOIN','$DATE_FILTER')
INSERT INTO [HIERARCHY_SITUTATION_DETAILS] ([HIERARCHY_SITUTATION_DETAILS_SID],[HIERARCHY_SITUTATION_TABLE_SID],[TABLE_NAME],[ALIAS_NAME],[JOIN_TYPE],[FILTER_COLUMN]) VALUES (3,1,'#SELECTED_RElATION_SHIP','USERDEFINED_RELATION_JOIN','LEFT_JOIN',NULL)
INSERT INTO [HIERARCHY_SITUTATION_DETAILS] ([HIERARCHY_SITUTATION_DETAILS_SID],[HIERARCHY_SITUTATION_TABLE_SID],[TABLE_NAME],[ALIAS_NAME],[JOIN_TYPE],[FILTER_COLUMN]) VALUES (4,2,'RELATIONSHIP_LEVEL_DEFINITION','RELATIONSHIP_LEVEL_DEFINITION','JOIN',NULL)
INSERT INTO [HIERARCHY_SITUTATION_DETAILS] ([HIERARCHY_SITUTATION_DETAILS_SID],[HIERARCHY_SITUTATION_TABLE_SID],[TABLE_NAME],[ALIAS_NAME],[JOIN_TYPE],[FILTER_COLUMN]) VALUES (5,3,'RELATIONSHIP_LEVEL_DEFINITION','RELATIONSHIP_LEVEL_DEFINITION','JOIN',NULL)
INSERT INTO [HIERARCHY_SITUTATION_DETAILS] ([HIERARCHY_SITUTATION_DETAILS_SID],[HIERARCHY_SITUTATION_TABLE_SID],[TABLE_NAME],[ALIAS_NAME],[JOIN_TYPE],[FILTER_COLUMN]) VALUES (6,3,'RELATIONSHIP_LEVEL_DEFINITION','PARENT_RELATION','JOIN',NULL)
INSERT INTO [HIERARCHY_SITUTATION_DETAILS] ([HIERARCHY_SITUTATION_DETAILS_SID],[HIERARCHY_SITUTATION_TABLE_SID],[TABLE_NAME],[ALIAS_NAME],[JOIN_TYPE],[FILTER_COLUMN]) VALUES (7,4,'#SELECTED_RElATION_SHIP','RELATIONSHIP_LEVEL_DEFINITION','JOIN',NULL)
INSERT INTO [HIERARCHY_SITUTATION_DETAILS] ([HIERARCHY_SITUTATION_DETAILS_SID],[HIERARCHY_SITUTATION_TABLE_SID],[TABLE_NAME],[ALIAS_NAME],[JOIN_TYPE],[FILTER_COLUMN]) VALUES (8,4,'#SELECTED_RElATION_SHIP','RELATION_DATE_FILTER','JOIN','$DATE_FILTER')
INSERT INTO [HIERARCHY_SITUTATION_DETAILS] ([HIERARCHY_SITUTATION_DETAILS_SID],[HIERARCHY_SITUTATION_TABLE_SID],[TABLE_NAME],[ALIAS_NAME],[JOIN_TYPE],[FILTER_COLUMN]) VALUES (9,5,'CCP_DETAILS','CCP_DETAILS','JOIN',NULL)
INSERT INTO [HIERARCHY_SITUTATION_DETAILS] ([HIERARCHY_SITUTATION_DETAILS_SID],[HIERARCHY_SITUTATION_TABLE_SID],[TABLE_NAME],[ALIAS_NAME],[JOIN_TYPE],[FILTER_COLUMN]) VALUES (10,5,'ST_CCP_HIERARCHY','ST_CCP_HIERARCHY','JOIN',NULL)
INSERT INTO [HIERARCHY_SITUTATION_DETAILS] ([HIERARCHY_SITUTATION_DETAILS_SID],[HIERARCHY_SITUTATION_TABLE_SID],[TABLE_NAME],[ALIAS_NAME],[JOIN_TYPE],[FILTER_COLUMN]) VALUES (11,6,'CCP_DETAILS','CCP_DETAILS','JOIN',NULL)
INSERT INTO [HIERARCHY_SITUTATION_DETAILS] ([HIERARCHY_SITUTATION_DETAILS_SID],[HIERARCHY_SITUTATION_TABLE_SID],[TABLE_NAME],[ALIAS_NAME],[JOIN_TYPE],[FILTER_COLUMN]) VALUES (12,6,'ST_CCP_HIERARCHY','ST_CCP_HIERARCHY','JOIN',NULL)
INSERT INTO [HIERARCHY_SITUTATION_DETAILS] ([HIERARCHY_SITUTATION_DETAILS_SID],[HIERARCHY_SITUTATION_TABLE_SID],[TABLE_NAME],[ALIAS_NAME],[JOIN_TYPE],[FILTER_COLUMN]) VALUES (13,7,'RS_CONTRACT_DETAILS','RS_CONTRACT_DETAILS','JOIN',NULL)
INSERT INTO [HIERARCHY_SITUTATION_DETAILS] ([HIERARCHY_SITUTATION_DETAILS_SID],[HIERARCHY_SITUTATION_TABLE_SID],[TABLE_NAME],[ALIAS_NAME],[JOIN_TYPE],[FILTER_COLUMN]) VALUES (14,8,'RELATIONSHIP_LEVEL_DEFINITION','RELATIONSHIP_LEVEL_DEFINITION','JOIN',NULL)
INSERT INTO [HIERARCHY_SITUTATION_DETAILS] ([HIERARCHY_SITUTATION_DETAILS_SID],[HIERARCHY_SITUTATION_TABLE_SID],[TABLE_NAME],[ALIAS_NAME],[JOIN_TYPE],[FILTER_COLUMN]) VALUES (15,9,'RELATIONSHIP_LEVEL_DEFINITION','RELATIONSHIP_LEVEL_DEFINITION','JOIN',NULL)
INSERT INTO [HIERARCHY_SITUTATION_DETAILS] ([HIERARCHY_SITUTATION_DETAILS_SID],[HIERARCHY_SITUTATION_TABLE_SID],[TABLE_NAME],[ALIAS_NAME],[JOIN_TYPE],[FILTER_COLUMN]) VALUES (16,9,'RELATIONSHIP_LEVEL_DEFINITION','PARENT_RELATION','JOIN',NULL)
INSERT INTO [HIERARCHY_SITUTATION_DETAILS] ([HIERARCHY_SITUTATION_DETAILS_SID],[HIERARCHY_SITUTATION_TABLE_SID],[TABLE_NAME],[ALIAS_NAME],[JOIN_TYPE],[FILTER_COLUMN]) VALUES (17,9,'HELPER_TABLE','STR','JOIN',NULL)
INSERT INTO [HIERARCHY_SITUTATION_DETAILS] ([HIERARCHY_SITUTATION_DETAILS_SID],[HIERARCHY_SITUTATION_TABLE_SID],[TABLE_NAME],[ALIAS_NAME],[JOIN_TYPE],[FILTER_COLUMN]) VALUES (18,9,'HELPER_TABLE','FORM','JOIN',NULL)
INSERT INTO [HIERARCHY_SITUTATION_DETAILS] ([HIERARCHY_SITUTATION_DETAILS_SID],[HIERARCHY_SITUTATION_TABLE_SID],[TABLE_NAME],[ALIAS_NAME],[JOIN_TYPE],[FILTER_COLUMN]) VALUES (19,10,'RELATIONSHIP_LEVEL_DEFINITION','RELATIONSHIP_LEVEL_DEFINITION','JOIN',NULL)
INSERT INTO [HIERARCHY_SITUTATION_DETAILS] ([HIERARCHY_SITUTATION_DETAILS_SID],[HIERARCHY_SITUTATION_TABLE_SID],[TABLE_NAME],[ALIAS_NAME],[JOIN_TYPE],[FILTER_COLUMN]) VALUES (20,10,'RELATIONSHIP_LEVEL_DEFINITION','PARENT_RELATION','JOIN',NULL)
INSERT INTO [HIERARCHY_SITUTATION_DETAILS] ([HIERARCHY_SITUTATION_DETAILS_SID],[HIERARCHY_SITUTATION_TABLE_SID],[TABLE_NAME],[ALIAS_NAME],[JOIN_TYPE],[FILTER_COLUMN]) VALUES (21,11,'RS_CONTRACT_DETAILS','RS_CONTRACT_DETAILS','JOIN',NULL)
INSERT INTO [HIERARCHY_SITUTATION_DETAILS] ([HIERARCHY_SITUTATION_DETAILS_SID],[HIERARCHY_SITUTATION_TABLE_SID],[TABLE_NAME],[ALIAS_NAME],[JOIN_TYPE],[FILTER_COLUMN]) VALUES (22,12,'RELATIONSHIP_LEVEL_DEFINITION','RELATIONSHIP_LEVEL_DEFINITION','JOIN',NULL)
INSERT INTO [HIERARCHY_SITUTATION_DETAILS] ([HIERARCHY_SITUTATION_DETAILS_SID],[HIERARCHY_SITUTATION_TABLE_SID],[TABLE_NAME],[ALIAS_NAME],[JOIN_TYPE],[FILTER_COLUMN]) VALUES (23,13,'RELATIONSHIP_LEVEL_DEFINITION','RELATIONSHIP_LEVEL_DEFINITION','JOIN',NULL)
INSERT INTO [HIERARCHY_SITUTATION_DETAILS] ([HIERARCHY_SITUTATION_DETAILS_SID],[HIERARCHY_SITUTATION_TABLE_SID],[TABLE_NAME],[ALIAS_NAME],[JOIN_TYPE],[FILTER_COLUMN]) VALUES (24,15,'RELATIONSHIP_LEVEL_DEFINITION','RELATIONSHIP_LEVEL_DEFINITION','JOIN',NULL)
INSERT INTO [HIERARCHY_SITUTATION_DETAILS] ([HIERARCHY_SITUTATION_DETAILS_SID],[HIERARCHY_SITUTATION_TABLE_SID],[TABLE_NAME],[ALIAS_NAME],[JOIN_TYPE],[FILTER_COLUMN]) VALUES (25,15,'RELATIONSHIP_LEVEL_DEFINITION','HIERARCHY_NO_JOIN','JOIN',NULL)
INSERT INTO [HIERARCHY_SITUTATION_DETAILS] ([HIERARCHY_SITUTATION_DETAILS_SID],[HIERARCHY_SITUTATION_TABLE_SID],[TABLE_NAME],[ALIAS_NAME],[JOIN_TYPE],[FILTER_COLUMN]) VALUES (26,15,'HIERARCHY_LEVEL_DEFINITION','HIERARCHY_LEVEL_DEFINITION','JOIN',NULL)
INSERT INTO [HIERARCHY_SITUTATION_DETAILS] ([HIERARCHY_SITUTATION_DETAILS_SID],[HIERARCHY_SITUTATION_TABLE_SID],[TABLE_NAME],[ALIAS_NAME],[JOIN_TYPE],[FILTER_COLUMN]) VALUES (27,16,'RELATIONSHIP_LEVEL_DEFINITION','RELATIONSHIP_LEVEL_DEFINITION','JOIN',NULL)
INSERT INTO [HIERARCHY_SITUTATION_DETAILS] ([HIERARCHY_SITUTATION_DETAILS_SID],[HIERARCHY_SITUTATION_TABLE_SID],[TABLE_NAME],[ALIAS_NAME],[JOIN_TYPE],[FILTER_COLUMN]) VALUES (28,16,'RELATIONSHIP_LEVEL_DEFINITION','HIERARCHY_NO_JOIN','JOIN',NULL)

SET IDENTITY_INSERT HIERARCHY_SITUTATION_DETAILS OFF 






IF NOT EXISTS (
		SELECT 'X'
		FROM INFORMATION_SCHEMA.TABLES
		WHERE TABLE_NAME = 'HIERARCHY_SITUTATION_TABLE_DETAILS'
			AND TABLE_SCHEMA = 'DBO'
		)
BEGIN
	CREATE TABLE [DBO].[HIERARCHY_SITUTATION_TABLE_DETAILS] (
		HIERARCHY_SITUTATION_TABLE_DETAILS_SID INT IDENTITY(1, 1) NOT NULL
		,HIERARCHY_SITUTATION_DETAILS_SID INT
		,LEFT_COLUMN_NAME VARCHAR(500)
		,RIGHT_COLUMN_NAME VARCHAR(500)
		,CONDITION_TYPE VARCHAR(500)
		,EXPRESSION_COLUMN_ORDER VARCHAR(500)
		,JOIN_CONDTION_ORDER_SID INT
		,JOIN_CONDITION_REFERENCE_SID INT 
		)
END
GO


IF NOT EXISTS(SELECT 1
              FROM   SYS.KEY_CONSTRAINTS
              WHERE  Object_name(PARENT_OBJECT_ID) = 'HIERARCHY_SITUTATION_TABLE_DETAILS'
                     AND Schema_name(SCHEMA_ID) = 'DBO'
                     AND NAME = 'PK_HIERARCHY_SITUTATION_TABLE_DETAILS_HIERARCHY_SITUTATION_TABLE_DETAILS_SID'
                     AND TYPE = 'PK')
  BEGIN
      ALTER TABLE [DBO].HIERARCHY_SITUTATION_TABLE_DETAILS
        ADD CONSTRAINT PK_HIERARCHY_SITUTATION_TABLE_DETAILS_HIERARCHY_SITUTATION_TABLE_DETAILS_SID PRIMARY KEY ( HIERARCHY_SITUTATION_TABLE_DETAILS_SID)
  END

GO

IF EXISTS(SELECT 1 FROM HIERARCHY_SITUTATION_TABLE_DETAILS)
BEGIN
	TRUNCATE TABLE HIERARCHY_SITUTATION_TABLE_DETAILS
END
GO 

SET IDENTITY_INSERT HIERARCHY_SITUTATION_TABLE_DETAILS ON 

INSERT INTO [HIERARCHY_SITUTATION_TABLE_DETAILS] ([HIERARCHY_SITUTATION_TABLE_DETAILS_SID],[HIERARCHY_SITUTATION_DETAILS_SID],[LEFT_COLUMN_NAME],[RIGHT_COLUMN_NAME],[CONDITION_TYPE],[EXPRESSION_COLUMN_ORDER],[JOIN_CONDTION_ORDER_SID],[JOIN_CONDITION_REFERENCE_SID]) VALUES (1,1,'RELATIONSHIP_LEVEL_DEFINITION.RELATIONSHIP_LEVEL_Values','$WhereClauseColumnPreviousLevel','EQUAL_TO','AND',1,NULL)
INSERT INTO [HIERARCHY_SITUTATION_TABLE_DETAILS] ([HIERARCHY_SITUTATION_TABLE_DETAILS_SID],[HIERARCHY_SITUTATION_DETAILS_SID],[LEFT_COLUMN_NAME],[RIGHT_COLUMN_NAME],[CONDITION_TYPE],[EXPRESSION_COLUMN_ORDER],[JOIN_CONDTION_ORDER_SID],[JOIN_CONDITION_REFERENCE_SID]) VALUES (2,1,'RELATIONSHIP_LEVEL_DEFINITION.RELATIONSHIP_BUILDER_SID','?','EQUAL_TO','AND',1,NULL)
INSERT INTO [HIERARCHY_SITUTATION_TABLE_DETAILS] ([HIERARCHY_SITUTATION_TABLE_DETAILS_SID],[HIERARCHY_SITUTATION_DETAILS_SID],[LEFT_COLUMN_NAME],[RIGHT_COLUMN_NAME],[CONDITION_TYPE],[EXPRESSION_COLUMN_ORDER],[JOIN_CONDTION_ORDER_SID],[JOIN_CONDITION_REFERENCE_SID]) VALUES (3,1,'RELATIONSHIP_LEVEL_DEFINITION.LEVEL_NO','?','EQUAL_TO','AND',1,NULL)
INSERT INTO [HIERARCHY_SITUTATION_TABLE_DETAILS] ([HIERARCHY_SITUTATION_TABLE_DETAILS_SID],[HIERARCHY_SITUTATION_DETAILS_SID],[LEFT_COLUMN_NAME],[RIGHT_COLUMN_NAME],[CONDITION_TYPE],[EXPRESSION_COLUMN_ORDER],[JOIN_CONDTION_ORDER_SID],[JOIN_CONDITION_REFERENCE_SID]) VALUES (4,1,'RELATIONSHIP_LEVEL_DEFINITION.VERSION_NO','?','EQUAL_TO','AND',1,NULL)
INSERT INTO [HIERARCHY_SITUTATION_TABLE_DETAILS] ([HIERARCHY_SITUTATION_TABLE_DETAILS_SID],[HIERARCHY_SITUTATION_DETAILS_SID],[LEFT_COLUMN_NAME],[RIGHT_COLUMN_NAME],[CONDITION_TYPE],[EXPRESSION_COLUMN_ORDER],[JOIN_CONDTION_ORDER_SID],[JOIN_CONDITION_REFERENCE_SID]) VALUES (5,1,'RELATIONSHIP_LEVEL_DEFINITION.HIERARCHY_NO','$HierachyNoFormationPreviousLevel','LIKE','AND',1,NULL)
INSERT INTO [HIERARCHY_SITUTATION_TABLE_DETAILS] ([HIERARCHY_SITUTATION_TABLE_DETAILS_SID],[HIERARCHY_SITUTATION_DETAILS_SID],[LEFT_COLUMN_NAME],[RIGHT_COLUMN_NAME],[CONDITION_TYPE],[EXPRESSION_COLUMN_ORDER],[JOIN_CONDTION_ORDER_SID],[JOIN_CONDITION_REFERENCE_SID]) VALUES (6,2,'RELATION_DATE_FILTER.RELATIONSHIP_BUILDER_SID','RELATIONSHIP_LEVEL_DEFINITION.RELATIONSHIP_BUILDER_SID','EQUAL_TO','AND',1,NULL)
INSERT INTO [HIERARCHY_SITUTATION_TABLE_DETAILS] ([HIERARCHY_SITUTATION_TABLE_DETAILS_SID],[HIERARCHY_SITUTATION_DETAILS_SID],[LEFT_COLUMN_NAME],[RIGHT_COLUMN_NAME],[CONDITION_TYPE],[EXPRESSION_COLUMN_ORDER],[JOIN_CONDTION_ORDER_SID],[JOIN_CONDITION_REFERENCE_SID]) VALUES (7,2,'RELATION_DATE_FILTER.LEVEL_NO','?','EQUAL_TO','AND',1,NULL)
INSERT INTO [HIERARCHY_SITUTATION_TABLE_DETAILS] ([HIERARCHY_SITUTATION_TABLE_DETAILS_SID],[HIERARCHY_SITUTATION_DETAILS_SID],[LEFT_COLUMN_NAME],[RIGHT_COLUMN_NAME],[CONDITION_TYPE],[EXPRESSION_COLUMN_ORDER],[JOIN_CONDTION_ORDER_SID],[JOIN_CONDITION_REFERENCE_SID]) VALUES (8,2,'RELATION_DATE_FILTER.VERSION_NO','?','EQUAL_TO','AND',1,NULL)
INSERT INTO [HIERARCHY_SITUTATION_TABLE_DETAILS] ([HIERARCHY_SITUTATION_TABLE_DETAILS_SID],[HIERARCHY_SITUTATION_DETAILS_SID],[LEFT_COLUMN_NAME],[RIGHT_COLUMN_NAME],[CONDITION_TYPE],[EXPRESSION_COLUMN_ORDER],[JOIN_CONDTION_ORDER_SID],[JOIN_CONDITION_REFERENCE_SID]) VALUES (9,3,'RELATIONSHIP_LEVEL_DEFINITION.RELATIONSHIP_BUILDER_SID','USERDEFINED_RELATION_JOIN.RELATIONSHIP_BUILDER_SID','EQUAL_TO','AND',1,NULL)
INSERT INTO [HIERARCHY_SITUTATION_TABLE_DETAILS] ([HIERARCHY_SITUTATION_TABLE_DETAILS_SID],[HIERARCHY_SITUTATION_DETAILS_SID],[LEFT_COLUMN_NAME],[RIGHT_COLUMN_NAME],[CONDITION_TYPE],[EXPRESSION_COLUMN_ORDER],[JOIN_CONDTION_ORDER_SID],[JOIN_CONDITION_REFERENCE_SID]) VALUES (10,3,'USERDEFINED_RELATION_JOIN.LEVEL_NO','?','EQUAL_TO','AND',1,NULL)
INSERT INTO [HIERARCHY_SITUTATION_TABLE_DETAILS] ([HIERARCHY_SITUTATION_TABLE_DETAILS_SID],[HIERARCHY_SITUTATION_DETAILS_SID],[LEFT_COLUMN_NAME],[RIGHT_COLUMN_NAME],[CONDITION_TYPE],[EXPRESSION_COLUMN_ORDER],[JOIN_CONDTION_ORDER_SID],[JOIN_CONDITION_REFERENCE_SID]) VALUES (11,3,'USERDEFINED_RELATION_JOIN.VERSION_NO','?','EQUAL_TO','AND',1,NULL)
INSERT INTO [HIERARCHY_SITUTATION_TABLE_DETAILS] ([HIERARCHY_SITUTATION_TABLE_DETAILS_SID],[HIERARCHY_SITUTATION_DETAILS_SID],[LEFT_COLUMN_NAME],[RIGHT_COLUMN_NAME],[CONDITION_TYPE],[EXPRESSION_COLUMN_ORDER],[JOIN_CONDTION_ORDER_SID],[JOIN_CONDITION_REFERENCE_SID]) VALUES (12,3,'USERDEFINED_RELATION_JOIN.HIERARCHY_NO','$HierachyNoFormationCurrentLevel','LIKE','AND',1,NULL)
INSERT INTO [HIERARCHY_SITUTATION_TABLE_DETAILS] ([HIERARCHY_SITUTATION_TABLE_DETAILS_SID],[HIERARCHY_SITUTATION_DETAILS_SID],[LEFT_COLUMN_NAME],[RIGHT_COLUMN_NAME],[CONDITION_TYPE],[EXPRESSION_COLUMN_ORDER],[JOIN_CONDTION_ORDER_SID],[JOIN_CONDITION_REFERENCE_SID]) VALUES (13,4,'RELATIONSHIP_LEVEL_DEFINITION.RELATIONSHIP_LEVEL_Values','$WhereClauseColumnCurrentLevel','EQUAL_TO','AND',1,NULL)
INSERT INTO [HIERARCHY_SITUTATION_TABLE_DETAILS] ([HIERARCHY_SITUTATION_TABLE_DETAILS_SID],[HIERARCHY_SITUTATION_DETAILS_SID],[LEFT_COLUMN_NAME],[RIGHT_COLUMN_NAME],[CONDITION_TYPE],[EXPRESSION_COLUMN_ORDER],[JOIN_CONDTION_ORDER_SID],[JOIN_CONDITION_REFERENCE_SID]) VALUES (14,4,'RELATIONSHIP_LEVEL_DEFINITION.LEVEL_NO','?','EQUAL_TO','AND',1,NULL)
INSERT INTO [HIERARCHY_SITUTATION_TABLE_DETAILS] ([HIERARCHY_SITUTATION_TABLE_DETAILS_SID],[HIERARCHY_SITUTATION_DETAILS_SID],[LEFT_COLUMN_NAME],[RIGHT_COLUMN_NAME],[CONDITION_TYPE],[EXPRESSION_COLUMN_ORDER],[JOIN_CONDTION_ORDER_SID],[JOIN_CONDITION_REFERENCE_SID]) VALUES (15,4,'RELATIONSHIP_LEVEL_DEFINITION.VERSION_NO','?','EQUAL_TO','AND',1,NULL)
INSERT INTO [HIERARCHY_SITUTATION_TABLE_DETAILS] ([HIERARCHY_SITUTATION_TABLE_DETAILS_SID],[HIERARCHY_SITUTATION_DETAILS_SID],[LEFT_COLUMN_NAME],[RIGHT_COLUMN_NAME],[CONDITION_TYPE],[EXPRESSION_COLUMN_ORDER],[JOIN_CONDTION_ORDER_SID],[JOIN_CONDITION_REFERENCE_SID]) VALUES (16,4,'RELATIONSHIP_LEVEL_DEFINITION.HIERARCHY_NO','$HierachyNoFormationCurrentLevel','LIKE','AND',1,NULL)
INSERT INTO [HIERARCHY_SITUTATION_TABLE_DETAILS] ([HIERARCHY_SITUTATION_TABLE_DETAILS_SID],[HIERARCHY_SITUTATION_DETAILS_SID],[LEFT_COLUMN_NAME],[RIGHT_COLUMN_NAME],[CONDITION_TYPE],[EXPRESSION_COLUMN_ORDER],[JOIN_CONDTION_ORDER_SID],[JOIN_CONDITION_REFERENCE_SID]) VALUES (17,4,'RELATIONSHIP_LEVEL_DEFINITION.RELATIONSHIP_BUILDER_SID','?','EQUAL_TO','AND',1,NULL)
INSERT INTO [HIERARCHY_SITUTATION_TABLE_DETAILS] ([HIERARCHY_SITUTATION_TABLE_DETAILS_SID],[HIERARCHY_SITUTATION_DETAILS_SID],[LEFT_COLUMN_NAME],[RIGHT_COLUMN_NAME],[CONDITION_TYPE],[EXPRESSION_COLUMN_ORDER],[JOIN_CONDTION_ORDER_SID],[JOIN_CONDITION_REFERENCE_SID]) VALUES (18,5,'RELATIONSHIP_LEVEL_DEFINITION.RELATIONSHIP_LEVEL_Values','$WhereClauseColumnCurrentLevel','EQUAL_TO','AND',1,NULL)
INSERT INTO [HIERARCHY_SITUTATION_TABLE_DETAILS] ([HIERARCHY_SITUTATION_TABLE_DETAILS_SID],[HIERARCHY_SITUTATION_DETAILS_SID],[LEFT_COLUMN_NAME],[RIGHT_COLUMN_NAME],[CONDITION_TYPE],[EXPRESSION_COLUMN_ORDER],[JOIN_CONDTION_ORDER_SID],[JOIN_CONDITION_REFERENCE_SID]) VALUES (19,5,'RELATIONSHIP_LEVEL_DEFINITION.RELATIONSHIP_BUILDER_SID','?','EQUAL_TO','AND',1,NULL)
INSERT INTO [HIERARCHY_SITUTATION_TABLE_DETAILS] ([HIERARCHY_SITUTATION_TABLE_DETAILS_SID],[HIERARCHY_SITUTATION_DETAILS_SID],[LEFT_COLUMN_NAME],[RIGHT_COLUMN_NAME],[CONDITION_TYPE],[EXPRESSION_COLUMN_ORDER],[JOIN_CONDTION_ORDER_SID],[JOIN_CONDITION_REFERENCE_SID]) VALUES (20,5,'RELATIONSHIP_LEVEL_DEFINITION.LEVEL_NO','?','EQUAL_TO','AND',1,NULL)
INSERT INTO [HIERARCHY_SITUTATION_TABLE_DETAILS] ([HIERARCHY_SITUTATION_TABLE_DETAILS_SID],[HIERARCHY_SITUTATION_DETAILS_SID],[LEFT_COLUMN_NAME],[RIGHT_COLUMN_NAME],[CONDITION_TYPE],[EXPRESSION_COLUMN_ORDER],[JOIN_CONDTION_ORDER_SID],[JOIN_CONDITION_REFERENCE_SID]) VALUES (21,5,'RELATIONSHIP_LEVEL_DEFINITION.VERSION_NO','?','EQUAL_TO','AND',1,NULL)
INSERT INTO [HIERARCHY_SITUTATION_TABLE_DETAILS] ([HIERARCHY_SITUTATION_TABLE_DETAILS_SID],[HIERARCHY_SITUTATION_DETAILS_SID],[LEFT_COLUMN_NAME],[RIGHT_COLUMN_NAME],[CONDITION_TYPE],[EXPRESSION_COLUMN_ORDER],[JOIN_CONDTION_ORDER_SID],[JOIN_CONDITION_REFERENCE_SID]) VALUES (22,5,'RELATIONSHIP_LEVEL_DEFINITION.HIERARCHY_NO','$HierachyNoFormationCurrentLevel','LIKE','AND',1,NULL)
INSERT INTO [HIERARCHY_SITUTATION_TABLE_DETAILS] ([HIERARCHY_SITUTATION_TABLE_DETAILS_SID],[HIERARCHY_SITUTATION_DETAILS_SID],[LEFT_COLUMN_NAME],[RIGHT_COLUMN_NAME],[CONDITION_TYPE],[EXPRESSION_COLUMN_ORDER],[JOIN_CONDTION_ORDER_SID],[JOIN_CONDITION_REFERENCE_SID]) VALUES (23,6,'RELATIONSHIP_LEVEL_DEFINITION.RELATIONSHIP_BUILDER_SID','PARENT_RELATION.RELATIONSHIP_BUILDER_SID','EQUAL_TO','AND',1,NULL)
INSERT INTO [HIERARCHY_SITUTATION_TABLE_DETAILS] ([HIERARCHY_SITUTATION_TABLE_DETAILS_SID],[HIERARCHY_SITUTATION_DETAILS_SID],[LEFT_COLUMN_NAME],[RIGHT_COLUMN_NAME],[CONDITION_TYPE],[EXPRESSION_COLUMN_ORDER],[JOIN_CONDTION_ORDER_SID],[JOIN_CONDITION_REFERENCE_SID]) VALUES (24,6,'PARENT_RELATION.VERSION_NO','?','EQUAL_TO','AND',1,NULL)
INSERT INTO [HIERARCHY_SITUTATION_TABLE_DETAILS] ([HIERARCHY_SITUTATION_TABLE_DETAILS_SID],[HIERARCHY_SITUTATION_DETAILS_SID],[LEFT_COLUMN_NAME],[RIGHT_COLUMN_NAME],[CONDITION_TYPE],[EXPRESSION_COLUMN_ORDER],[JOIN_CONDTION_ORDER_SID],[JOIN_CONDITION_REFERENCE_SID]) VALUES (25,6,'PARENT_RELATION.LEVEL_NO','?','EQUAL_TO','AND',1,NULL)
INSERT INTO [HIERARCHY_SITUTATION_TABLE_DETAILS] ([HIERARCHY_SITUTATION_TABLE_DETAILS_SID],[HIERARCHY_SITUTATION_DETAILS_SID],[LEFT_COLUMN_NAME],[RIGHT_COLUMN_NAME],[CONDITION_TYPE],[EXPRESSION_COLUMN_ORDER],[JOIN_CONDTION_ORDER_SID],[JOIN_CONDITION_REFERENCE_SID]) VALUES (26,6,'RELATIONSHIP_LEVEL_DEFINITION.HIERARCHY_NO','PARENT_RELATION.HIERARCHY_NO + ''%''','LIKE','AND',1,NULL)
INSERT INTO [HIERARCHY_SITUTATION_TABLE_DETAILS] ([HIERARCHY_SITUTATION_TABLE_DETAILS_SID],[HIERARCHY_SITUTATION_DETAILS_SID],[LEFT_COLUMN_NAME],[RIGHT_COLUMN_NAME],[CONDITION_TYPE],[EXPRESSION_COLUMN_ORDER],[JOIN_CONDTION_ORDER_SID],[JOIN_CONDITION_REFERENCE_SID]) VALUES (27,7,'RELATIONSHIP_LEVEL_DEFINITION.RELATIONSHIP_LEVEL_Values','$WhereClauseColumnPreviousLevel','EQUAL_TO','AND',1,NULL)
INSERT INTO [HIERARCHY_SITUTATION_TABLE_DETAILS] ([HIERARCHY_SITUTATION_TABLE_DETAILS_SID],[HIERARCHY_SITUTATION_DETAILS_SID],[LEFT_COLUMN_NAME],[RIGHT_COLUMN_NAME],[CONDITION_TYPE],[EXPRESSION_COLUMN_ORDER],[JOIN_CONDTION_ORDER_SID],[JOIN_CONDITION_REFERENCE_SID]) VALUES (28,7,'RELATIONSHIP_LEVEL_DEFINITION.RELATIONSHIP_BUILDER_SID','?','EQUAL_TO','AND',1,NULL)
INSERT INTO [HIERARCHY_SITUTATION_TABLE_DETAILS] ([HIERARCHY_SITUTATION_TABLE_DETAILS_SID],[HIERARCHY_SITUTATION_DETAILS_SID],[LEFT_COLUMN_NAME],[RIGHT_COLUMN_NAME],[CONDITION_TYPE],[EXPRESSION_COLUMN_ORDER],[JOIN_CONDTION_ORDER_SID],[JOIN_CONDITION_REFERENCE_SID]) VALUES (29,7,'RELATIONSHIP_LEVEL_DEFINITION.LEVEL_NO','?','EQUAL_TO','AND',1,NULL)
INSERT INTO [HIERARCHY_SITUTATION_TABLE_DETAILS] ([HIERARCHY_SITUTATION_TABLE_DETAILS_SID],[HIERARCHY_SITUTATION_DETAILS_SID],[LEFT_COLUMN_NAME],[RIGHT_COLUMN_NAME],[CONDITION_TYPE],[EXPRESSION_COLUMN_ORDER],[JOIN_CONDTION_ORDER_SID],[JOIN_CONDITION_REFERENCE_SID]) VALUES (30,7,'RELATIONSHIP_LEVEL_DEFINITION.VERSION_NO','?','EQUAL_TO','AND',1,NULL)
INSERT INTO [HIERARCHY_SITUTATION_TABLE_DETAILS] ([HIERARCHY_SITUTATION_TABLE_DETAILS_SID],[HIERARCHY_SITUTATION_DETAILS_SID],[LEFT_COLUMN_NAME],[RIGHT_COLUMN_NAME],[CONDITION_TYPE],[EXPRESSION_COLUMN_ORDER],[JOIN_CONDTION_ORDER_SID],[JOIN_CONDITION_REFERENCE_SID]) VALUES (31,7,'RELATIONSHIP_LEVEL_DEFINITION.HIERARCHY_NO','$HierachyNoFormationPreviousLevel','LIKE','AND',1,NULL)
INSERT INTO [HIERARCHY_SITUTATION_TABLE_DETAILS] ([HIERARCHY_SITUTATION_TABLE_DETAILS_SID],[HIERARCHY_SITUTATION_DETAILS_SID],[LEFT_COLUMN_NAME],[RIGHT_COLUMN_NAME],[CONDITION_TYPE],[EXPRESSION_COLUMN_ORDER],[JOIN_CONDTION_ORDER_SID],[JOIN_CONDITION_REFERENCE_SID]) VALUES (32,8,'RELATIONSHIP_LEVEL_DEFINITION.RELATIONSHIP_BUILDER_SID','RELATION_DATE_FILTER.RELATIONSHIP_BUILDER_SID','EQUAL_TO','AND',1,NULL)
INSERT INTO [HIERARCHY_SITUTATION_TABLE_DETAILS] ([HIERARCHY_SITUTATION_TABLE_DETAILS_SID],[HIERARCHY_SITUTATION_DETAILS_SID],[LEFT_COLUMN_NAME],[RIGHT_COLUMN_NAME],[CONDITION_TYPE],[EXPRESSION_COLUMN_ORDER],[JOIN_CONDTION_ORDER_SID],[JOIN_CONDITION_REFERENCE_SID]) VALUES (33,8,'RELATION_DATE_FILTER.LEVEL_NO','?','EQUAL_TO','AND',1,NULL)
INSERT INTO [HIERARCHY_SITUTATION_TABLE_DETAILS] ([HIERARCHY_SITUTATION_TABLE_DETAILS_SID],[HIERARCHY_SITUTATION_DETAILS_SID],[LEFT_COLUMN_NAME],[RIGHT_COLUMN_NAME],[CONDITION_TYPE],[EXPRESSION_COLUMN_ORDER],[JOIN_CONDTION_ORDER_SID],[JOIN_CONDITION_REFERENCE_SID]) VALUES (34,8,'RELATION_DATE_FILTER.VERSION_NO','?','EQUAL_TO','AND',1,NULL)
INSERT INTO [HIERARCHY_SITUTATION_TABLE_DETAILS] ([HIERARCHY_SITUTATION_TABLE_DETAILS_SID],[HIERARCHY_SITUTATION_DETAILS_SID],[LEFT_COLUMN_NAME],[RIGHT_COLUMN_NAME],[CONDITION_TYPE],[EXPRESSION_COLUMN_ORDER],[JOIN_CONDTION_ORDER_SID],[JOIN_CONDITION_REFERENCE_SID]) VALUES (35,9,'CCP_DETAILS.COMPANY_MASTER_SID','COMPANY_MASTER.COMPANY_MASTER_SID','EQUAL_TO','AND',1,NULL)
INSERT INTO [HIERARCHY_SITUTATION_TABLE_DETAILS] ([HIERARCHY_SITUTATION_TABLE_DETAILS_SID],[HIERARCHY_SITUTATION_DETAILS_SID],[LEFT_COLUMN_NAME],[RIGHT_COLUMN_NAME],[CONDITION_TYPE],[EXPRESSION_COLUMN_ORDER],[JOIN_CONDTION_ORDER_SID],[JOIN_CONDITION_REFERENCE_SID]) VALUES (36,9,'CCP_DETAILS.CONTRACT_MASTER_SID','CONTRACT_MASTER.CONTRACT_MASTER_SID','EQUAL_TO','AND',1,NULL)
INSERT INTO [HIERARCHY_SITUTATION_TABLE_DETAILS] ([HIERARCHY_SITUTATION_TABLE_DETAILS_SID],[HIERARCHY_SITUTATION_DETAILS_SID],[LEFT_COLUMN_NAME],[RIGHT_COLUMN_NAME],[CONDITION_TYPE],[EXPRESSION_COLUMN_ORDER],[JOIN_CONDTION_ORDER_SID],[JOIN_CONDITION_REFERENCE_SID]) VALUES (37,10,'ST_CCP_HIERARCHY.CCP_DETAILS_SID','CCP_DETAILS.CCP_DETAILS_SID','EQUAL_TO','AND',1,NULL)
INSERT INTO [HIERARCHY_SITUTATION_TABLE_DETAILS] ([HIERARCHY_SITUTATION_TABLE_DETAILS_SID],[HIERARCHY_SITUTATION_DETAILS_SID],[LEFT_COLUMN_NAME],[RIGHT_COLUMN_NAME],[CONDITION_TYPE],[EXPRESSION_COLUMN_ORDER],[JOIN_CONDTION_ORDER_SID],[JOIN_CONDITION_REFERENCE_SID]) VALUES (38,11,'CCP_DETAILS.ITEM_MASTER_SID','ITEM_MASTER.ITEM_MASTER_SID','EQUAL_TO','AND',1,NULL)
INSERT INTO [HIERARCHY_SITUTATION_TABLE_DETAILS] ([HIERARCHY_SITUTATION_TABLE_DETAILS_SID],[HIERARCHY_SITUTATION_DETAILS_SID],[LEFT_COLUMN_NAME],[RIGHT_COLUMN_NAME],[CONDITION_TYPE],[EXPRESSION_COLUMN_ORDER],[JOIN_CONDTION_ORDER_SID],[JOIN_CONDITION_REFERENCE_SID]) VALUES (39,12,'ST_CCP_HIERARCHY.CCP_DETAILS_SID','CCP_DETAILS.CCP_DETAILS_SID','EQUAL_TO','AND',1,NULL)
INSERT INTO [HIERARCHY_SITUTATION_TABLE_DETAILS] ([HIERARCHY_SITUTATION_TABLE_DETAILS_SID],[HIERARCHY_SITUTATION_DETAILS_SID],[LEFT_COLUMN_NAME],[RIGHT_COLUMN_NAME],[CONDITION_TYPE],[EXPRESSION_COLUMN_ORDER],[JOIN_CONDTION_ORDER_SID],[JOIN_CONDITION_REFERENCE_SID]) VALUES (40,13,'RS_CONTRACT.RS_CONTRACT_SID','RS_CONTRACT_DETAILS.RS_CONTRACT_SID','EQUAL_TO','AND',1,NULL)
INSERT INTO [HIERARCHY_SITUTATION_TABLE_DETAILS] ([HIERARCHY_SITUTATION_TABLE_DETAILS_SID],[HIERARCHY_SITUTATION_DETAILS_SID],[LEFT_COLUMN_NAME],[RIGHT_COLUMN_NAME],[CONDITION_TYPE],[EXPRESSION_COLUMN_ORDER],[JOIN_CONDTION_ORDER_SID],[JOIN_CONDITION_REFERENCE_SID]) VALUES (41,15,'RELATIONSHIP_LEVEL_DEFINITION.RELATIONSHIP_LEVEL_Values','$WhereClauseColumnCurrentLevel','EQUAL_TO','AND',1,NULL)
INSERT INTO [HIERARCHY_SITUTATION_TABLE_DETAILS] ([HIERARCHY_SITUTATION_TABLE_DETAILS_SID],[HIERARCHY_SITUTATION_DETAILS_SID],[LEFT_COLUMN_NAME],[RIGHT_COLUMN_NAME],[CONDITION_TYPE],[EXPRESSION_COLUMN_ORDER],[JOIN_CONDTION_ORDER_SID],[JOIN_CONDITION_REFERENCE_SID]) VALUES (42,15,'RELATIONSHIP_LEVEL_DEFINITION.RELATIONSHIP_BUILDER_SID','?','EQUAL_TO','AND',1,NULL)
INSERT INTO [HIERARCHY_SITUTATION_TABLE_DETAILS] ([HIERARCHY_SITUTATION_TABLE_DETAILS_SID],[HIERARCHY_SITUTATION_DETAILS_SID],[LEFT_COLUMN_NAME],[RIGHT_COLUMN_NAME],[CONDITION_TYPE],[EXPRESSION_COLUMN_ORDER],[JOIN_CONDTION_ORDER_SID],[JOIN_CONDITION_REFERENCE_SID]) VALUES (43,15,'RELATIONSHIP_LEVEL_DEFINITION.LEVEL_NO','?','EQUAL_TO','AND',1,NULL)
INSERT INTO [HIERARCHY_SITUTATION_TABLE_DETAILS] ([HIERARCHY_SITUTATION_TABLE_DETAILS_SID],[HIERARCHY_SITUTATION_DETAILS_SID],[LEFT_COLUMN_NAME],[RIGHT_COLUMN_NAME],[CONDITION_TYPE],[EXPRESSION_COLUMN_ORDER],[JOIN_CONDTION_ORDER_SID],[JOIN_CONDITION_REFERENCE_SID]) VALUES (44,15,'RELATIONSHIP_LEVEL_DEFINITION.VERSION_NO','?','EQUAL_TO','AND',1,NULL)
INSERT INTO [HIERARCHY_SITUTATION_TABLE_DETAILS] ([HIERARCHY_SITUTATION_TABLE_DETAILS_SID],[HIERARCHY_SITUTATION_DETAILS_SID],[LEFT_COLUMN_NAME],[RIGHT_COLUMN_NAME],[CONDITION_TYPE],[EXPRESSION_COLUMN_ORDER],[JOIN_CONDTION_ORDER_SID],[JOIN_CONDITION_REFERENCE_SID]) VALUES (45,15,'RELATIONSHIP_LEVEL_DEFINITION.HIERARCHY_NO','$HierachyNoFormationCurrentLevel','LIKE','AND',1,NULL)
INSERT INTO [HIERARCHY_SITUTATION_TABLE_DETAILS] ([HIERARCHY_SITUTATION_TABLE_DETAILS_SID],[HIERARCHY_SITUTATION_DETAILS_SID],[LEFT_COLUMN_NAME],[RIGHT_COLUMN_NAME],[CONDITION_TYPE],[EXPRESSION_COLUMN_ORDER],[JOIN_CONDTION_ORDER_SID],[JOIN_CONDITION_REFERENCE_SID]) VALUES (46,16,'RELATIONSHIP_LEVEL_DEFINITION.RELATIONSHIP_BUILDER_SID','PARENT_RELATION.RELATIONSHIP_BUILDER_SID','EQUAL_TO','AND',1,NULL)
INSERT INTO [HIERARCHY_SITUTATION_TABLE_DETAILS] ([HIERARCHY_SITUTATION_TABLE_DETAILS_SID],[HIERARCHY_SITUTATION_DETAILS_SID],[LEFT_COLUMN_NAME],[RIGHT_COLUMN_NAME],[CONDITION_TYPE],[EXPRESSION_COLUMN_ORDER],[JOIN_CONDTION_ORDER_SID],[JOIN_CONDITION_REFERENCE_SID]) VALUES (47,16,'PARENT_RELATION.VERSION_NO','?','EQUAL_TO','AND',1,NULL)
INSERT INTO [HIERARCHY_SITUTATION_TABLE_DETAILS] ([HIERARCHY_SITUTATION_TABLE_DETAILS_SID],[HIERARCHY_SITUTATION_DETAILS_SID],[LEFT_COLUMN_NAME],[RIGHT_COLUMN_NAME],[CONDITION_TYPE],[EXPRESSION_COLUMN_ORDER],[JOIN_CONDTION_ORDER_SID],[JOIN_CONDITION_REFERENCE_SID]) VALUES (48,16,'PARENT_RELATION.LEVEL_NO','?','EQUAL_TO','AND',1,NULL)
INSERT INTO [HIERARCHY_SITUTATION_TABLE_DETAILS] ([HIERARCHY_SITUTATION_TABLE_DETAILS_SID],[HIERARCHY_SITUTATION_DETAILS_SID],[LEFT_COLUMN_NAME],[RIGHT_COLUMN_NAME],[CONDITION_TYPE],[EXPRESSION_COLUMN_ORDER],[JOIN_CONDTION_ORDER_SID],[JOIN_CONDITION_REFERENCE_SID]) VALUES (49,16,'RELATIONSHIP_LEVEL_DEFINITION.HIERARCHY_NO','PARENT_RELATION.HIERARCHY_NO + ''%''','LIKE','AND',1,NULL)
INSERT INTO [HIERARCHY_SITUTATION_TABLE_DETAILS] ([HIERARCHY_SITUTATION_TABLE_DETAILS_SID],[HIERARCHY_SITUTATION_DETAILS_SID],[LEFT_COLUMN_NAME],[RIGHT_COLUMN_NAME],[CONDITION_TYPE],[EXPRESSION_COLUMN_ORDER],[JOIN_CONDTION_ORDER_SID],[JOIN_CONDITION_REFERENCE_SID]) VALUES (50,17,'STr.HELPER_TABLE_SID','ITEM_MASTER.STRENGTH','EQUAL_TO','AND',1,NULL)
INSERT INTO [HIERARCHY_SITUTATION_TABLE_DETAILS] ([HIERARCHY_SITUTATION_TABLE_DETAILS_SID],[HIERARCHY_SITUTATION_DETAILS_SID],[LEFT_COLUMN_NAME],[RIGHT_COLUMN_NAME],[CONDITION_TYPE],[EXPRESSION_COLUMN_ORDER],[JOIN_CONDTION_ORDER_SID],[JOIN_CONDITION_REFERENCE_SID]) VALUES (51,18,'FORm.HELPER_TABLE_SID','ITEM_MASTER.FORM','EQUAL_TO','AND',1,NULL)
INSERT INTO [HIERARCHY_SITUTATION_TABLE_DETAILS] ([HIERARCHY_SITUTATION_TABLE_DETAILS_SID],[HIERARCHY_SITUTATION_DETAILS_SID],[LEFT_COLUMN_NAME],[RIGHT_COLUMN_NAME],[CONDITION_TYPE],[EXPRESSION_COLUMN_ORDER],[JOIN_CONDTION_ORDER_SID],[JOIN_CONDITION_REFERENCE_SID]) VALUES (52,19,'RELATIONSHIP_LEVEL_DEFINITION.RELATIONSHIP_LEVEL_Values','$WhereClauseColumnCurrentLevel','EQUAL_TO','AND',1,NULL)
INSERT INTO [HIERARCHY_SITUTATION_TABLE_DETAILS] ([HIERARCHY_SITUTATION_TABLE_DETAILS_SID],[HIERARCHY_SITUTATION_DETAILS_SID],[LEFT_COLUMN_NAME],[RIGHT_COLUMN_NAME],[CONDITION_TYPE],[EXPRESSION_COLUMN_ORDER],[JOIN_CONDTION_ORDER_SID],[JOIN_CONDITION_REFERENCE_SID]) VALUES (53,19,'RELATIONSHIP_LEVEL_DEFINITION.RELATIONSHIP_BUILDER_SID','?','EQUAL_TO','AND',1,NULL)
INSERT INTO [HIERARCHY_SITUTATION_TABLE_DETAILS] ([HIERARCHY_SITUTATION_TABLE_DETAILS_SID],[HIERARCHY_SITUTATION_DETAILS_SID],[LEFT_COLUMN_NAME],[RIGHT_COLUMN_NAME],[CONDITION_TYPE],[EXPRESSION_COLUMN_ORDER],[JOIN_CONDTION_ORDER_SID],[JOIN_CONDITION_REFERENCE_SID]) VALUES (54,19,'RELATIONSHIP_LEVEL_DEFINITION.LEVEL_NO','?','EQUAL_TO','AND',1,NULL)
INSERT INTO [HIERARCHY_SITUTATION_TABLE_DETAILS] ([HIERARCHY_SITUTATION_TABLE_DETAILS_SID],[HIERARCHY_SITUTATION_DETAILS_SID],[LEFT_COLUMN_NAME],[RIGHT_COLUMN_NAME],[CONDITION_TYPE],[EXPRESSION_COLUMN_ORDER],[JOIN_CONDTION_ORDER_SID],[JOIN_CONDITION_REFERENCE_SID]) VALUES (55,19,'RELATIONSHIP_LEVEL_DEFINITION.VERSION_NO','?','EQUAL_TO','AND',1,NULL)
INSERT INTO [HIERARCHY_SITUTATION_TABLE_DETAILS] ([HIERARCHY_SITUTATION_TABLE_DETAILS_SID],[HIERARCHY_SITUTATION_DETAILS_SID],[LEFT_COLUMN_NAME],[RIGHT_COLUMN_NAME],[CONDITION_TYPE],[EXPRESSION_COLUMN_ORDER],[JOIN_CONDTION_ORDER_SID],[JOIN_CONDITION_REFERENCE_SID]) VALUES (56,19,'RELATIONSHIP_LEVEL_DEFINITION.HIERARCHY_NO','$HierachyNoFormationCurrentLevel','LIKE','AND',1,NULL)
INSERT INTO [HIERARCHY_SITUTATION_TABLE_DETAILS] ([HIERARCHY_SITUTATION_TABLE_DETAILS_SID],[HIERARCHY_SITUTATION_DETAILS_SID],[LEFT_COLUMN_NAME],[RIGHT_COLUMN_NAME],[CONDITION_TYPE],[EXPRESSION_COLUMN_ORDER],[JOIN_CONDTION_ORDER_SID],[JOIN_CONDITION_REFERENCE_SID]) VALUES (57,20,'RELATIONSHIP_LEVEL_DEFINITION.RELATIONSHIP_BUILDER_SID','PARENT_RELATION.RELATIONSHIP_BUILDER_SID','EQUAL_TO','AND',1,NULL)
INSERT INTO [HIERARCHY_SITUTATION_TABLE_DETAILS] ([HIERARCHY_SITUTATION_TABLE_DETAILS_SID],[HIERARCHY_SITUTATION_DETAILS_SID],[LEFT_COLUMN_NAME],[RIGHT_COLUMN_NAME],[CONDITION_TYPE],[EXPRESSION_COLUMN_ORDER],[JOIN_CONDTION_ORDER_SID],[JOIN_CONDITION_REFERENCE_SID]) VALUES (58,20,'PARENT_RELATION.VERSION_NO','?','EQUAL_TO','AND',1,NULL)
INSERT INTO [HIERARCHY_SITUTATION_TABLE_DETAILS] ([HIERARCHY_SITUTATION_TABLE_DETAILS_SID],[HIERARCHY_SITUTATION_DETAILS_SID],[LEFT_COLUMN_NAME],[RIGHT_COLUMN_NAME],[CONDITION_TYPE],[EXPRESSION_COLUMN_ORDER],[JOIN_CONDTION_ORDER_SID],[JOIN_CONDITION_REFERENCE_SID]) VALUES (59,20,'PARENT_RELATION.LEVEL_NO','?','EQUAL_TO','AND',1,NULL)
INSERT INTO [HIERARCHY_SITUTATION_TABLE_DETAILS] ([HIERARCHY_SITUTATION_TABLE_DETAILS_SID],[HIERARCHY_SITUTATION_DETAILS_SID],[LEFT_COLUMN_NAME],[RIGHT_COLUMN_NAME],[CONDITION_TYPE],[EXPRESSION_COLUMN_ORDER],[JOIN_CONDTION_ORDER_SID],[JOIN_CONDITION_REFERENCE_SID]) VALUES (60,20,'RELATIONSHIP_LEVEL_DEFINITION.HIERARCHY_NO','PARENT_RELATION.HIERARCHY_NO + ''%''','LIKE','AND',1,NULL)
INSERT INTO [HIERARCHY_SITUTATION_TABLE_DETAILS] ([HIERARCHY_SITUTATION_TABLE_DETAILS_SID],[HIERARCHY_SITUTATION_DETAILS_SID],[LEFT_COLUMN_NAME],[RIGHT_COLUMN_NAME],[CONDITION_TYPE],[EXPRESSION_COLUMN_ORDER],[JOIN_CONDTION_ORDER_SID],[JOIN_CONDITION_REFERENCE_SID]) VALUES (61,21,'RS_CONTRACT.RS_CONTRACT_SID','RS_CONTRACT_DETAILS.RS_CONTRACT_SID','EQUAL_TO','AND',1,NULL)
INSERT INTO [HIERARCHY_SITUTATION_TABLE_DETAILS] ([HIERARCHY_SITUTATION_TABLE_DETAILS_SID],[HIERARCHY_SITUTATION_DETAILS_SID],[LEFT_COLUMN_NAME],[RIGHT_COLUMN_NAME],[CONDITION_TYPE],[EXPRESSION_COLUMN_ORDER],[JOIN_CONDTION_ORDER_SID],[JOIN_CONDITION_REFERENCE_SID]) VALUES (62,22,'RELATIONSHIP_LEVEL_DEFINITION.HIERARCHY_NO','$HierachyNoFormationCurrentLevel','LIKE','AND',1,NULL)
INSERT INTO [HIERARCHY_SITUTATION_TABLE_DETAILS] ([HIERARCHY_SITUTATION_TABLE_DETAILS_SID],[HIERARCHY_SITUTATION_DETAILS_SID],[LEFT_COLUMN_NAME],[RIGHT_COLUMN_NAME],[CONDITION_TYPE],[EXPRESSION_COLUMN_ORDER],[JOIN_CONDTION_ORDER_SID],[JOIN_CONDITION_REFERENCE_SID]) VALUES (63,22,'RELATIONSHIP_LEVEL_DEFINITION.RELATIONSHIP_LEVEL_Values','$WhereClauseColumnCurrentLevel','EQUAL_TO','AND',1,NULL)
INSERT INTO [HIERARCHY_SITUTATION_TABLE_DETAILS] ([HIERARCHY_SITUTATION_TABLE_DETAILS_SID],[HIERARCHY_SITUTATION_DETAILS_SID],[LEFT_COLUMN_NAME],[RIGHT_COLUMN_NAME],[CONDITION_TYPE],[EXPRESSION_COLUMN_ORDER],[JOIN_CONDTION_ORDER_SID],[JOIN_CONDITION_REFERENCE_SID]) VALUES (64,22,'RELATIONSHIP_LEVEL_DEFINITION.VERSION_NO','?','EQUAL_TO','AND',1,NULL)
INSERT INTO [HIERARCHY_SITUTATION_TABLE_DETAILS] ([HIERARCHY_SITUTATION_TABLE_DETAILS_SID],[HIERARCHY_SITUTATION_DETAILS_SID],[LEFT_COLUMN_NAME],[RIGHT_COLUMN_NAME],[CONDITION_TYPE],[EXPRESSION_COLUMN_ORDER],[JOIN_CONDTION_ORDER_SID],[JOIN_CONDITION_REFERENCE_SID]) VALUES (65,22,'RELATIONSHIP_LEVEL_DEFINITION.LEVEL_NO','?','EQUAL_TO','AND',1,NULL)
INSERT INTO [HIERARCHY_SITUTATION_TABLE_DETAILS] ([HIERARCHY_SITUTATION_TABLE_DETAILS_SID],[HIERARCHY_SITUTATION_DETAILS_SID],[LEFT_COLUMN_NAME],[RIGHT_COLUMN_NAME],[CONDITION_TYPE],[EXPRESSION_COLUMN_ORDER],[JOIN_CONDTION_ORDER_SID],[JOIN_CONDITION_REFERENCE_SID]) VALUES (66,22,'RELATIONSHIP_LEVEL_DEFINITION.RELATIONSHIP_BUILDER_SID','?','EQUAL_TO','AND',1,NULL)
INSERT INTO [HIERARCHY_SITUTATION_TABLE_DETAILS] ([HIERARCHY_SITUTATION_TABLE_DETAILS_SID],[HIERARCHY_SITUTATION_DETAILS_SID],[LEFT_COLUMN_NAME],[RIGHT_COLUMN_NAME],[CONDITION_TYPE],[EXPRESSION_COLUMN_ORDER],[JOIN_CONDTION_ORDER_SID],[JOIN_CONDITION_REFERENCE_SID]) VALUES (67,23,'RELATIONSHIP_LEVEL_DEFINITION.HIERARCHY_NO','$HierachyNoFormationCurrentLevel','LIKE','AND',1,NULL)
INSERT INTO [HIERARCHY_SITUTATION_TABLE_DETAILS] ([HIERARCHY_SITUTATION_TABLE_DETAILS_SID],[HIERARCHY_SITUTATION_DETAILS_SID],[LEFT_COLUMN_NAME],[RIGHT_COLUMN_NAME],[CONDITION_TYPE],[EXPRESSION_COLUMN_ORDER],[JOIN_CONDTION_ORDER_SID],[JOIN_CONDITION_REFERENCE_SID]) VALUES (68,23,'RELATIONSHIP_LEVEL_DEFINITION.RELATIONSHIP_LEVEL_Values','$WhereClauseColumnCurrentLevel','EQUAL_TO','AND',1,NULL)
INSERT INTO [HIERARCHY_SITUTATION_TABLE_DETAILS] ([HIERARCHY_SITUTATION_TABLE_DETAILS_SID],[HIERARCHY_SITUTATION_DETAILS_SID],[LEFT_COLUMN_NAME],[RIGHT_COLUMN_NAME],[CONDITION_TYPE],[EXPRESSION_COLUMN_ORDER],[JOIN_CONDTION_ORDER_SID],[JOIN_CONDITION_REFERENCE_SID]) VALUES (69,23,'RELATIONSHIP_LEVEL_DEFINITION.VERSION_NO','?','EQUAL_TO','AND',1,NULL)
INSERT INTO [HIERARCHY_SITUTATION_TABLE_DETAILS] ([HIERARCHY_SITUTATION_TABLE_DETAILS_SID],[HIERARCHY_SITUTATION_DETAILS_SID],[LEFT_COLUMN_NAME],[RIGHT_COLUMN_NAME],[CONDITION_TYPE],[EXPRESSION_COLUMN_ORDER],[JOIN_CONDTION_ORDER_SID],[JOIN_CONDITION_REFERENCE_SID]) VALUES (70,23,'RELATIONSHIP_LEVEL_DEFINITION.LEVEL_NO','?','EQUAL_TO','AND',1,NULL)
INSERT INTO [HIERARCHY_SITUTATION_TABLE_DETAILS] ([HIERARCHY_SITUTATION_TABLE_DETAILS_SID],[HIERARCHY_SITUTATION_DETAILS_SID],[LEFT_COLUMN_NAME],[RIGHT_COLUMN_NAME],[CONDITION_TYPE],[EXPRESSION_COLUMN_ORDER],[JOIN_CONDTION_ORDER_SID],[JOIN_CONDITION_REFERENCE_SID]) VALUES (71,23,'RELATIONSHIP_LEVEL_DEFINITION.RELATIONSHIP_BUILDER_SID','?','EQUAL_TO','AND',1,NULL)
INSERT INTO [HIERARCHY_SITUTATION_TABLE_DETAILS] ([HIERARCHY_SITUTATION_TABLE_DETAILS_SID],[HIERARCHY_SITUTATION_DETAILS_SID],[LEFT_COLUMN_NAME],[RIGHT_COLUMN_NAME],[CONDITION_TYPE],[EXPRESSION_COLUMN_ORDER],[JOIN_CONDTION_ORDER_SID],[JOIN_CONDITION_REFERENCE_SID]) VALUES (72,24,'RELATIONSHIP_LEVEL_DEFINITION.HIERARCHY_NO','$HierachyNoFormationCurrentLevel','LIKE','AND',1,NULL)
INSERT INTO [HIERARCHY_SITUTATION_TABLE_DETAILS] ([HIERARCHY_SITUTATION_TABLE_DETAILS_SID],[HIERARCHY_SITUTATION_DETAILS_SID],[LEFT_COLUMN_NAME],[RIGHT_COLUMN_NAME],[CONDITION_TYPE],[EXPRESSION_COLUMN_ORDER],[JOIN_CONDTION_ORDER_SID],[JOIN_CONDITION_REFERENCE_SID]) VALUES (73,24,'RELATIONSHIP_LEVEL_DEFINITION.RELATIONSHIP_LEVEL_Values','$WhereClauseColumnCurrentLevel','EQUAL_TO','AND',1,NULL)
INSERT INTO [HIERARCHY_SITUTATION_TABLE_DETAILS] ([HIERARCHY_SITUTATION_TABLE_DETAILS_SID],[HIERARCHY_SITUTATION_DETAILS_SID],[LEFT_COLUMN_NAME],[RIGHT_COLUMN_NAME],[CONDITION_TYPE],[EXPRESSION_COLUMN_ORDER],[JOIN_CONDTION_ORDER_SID],[JOIN_CONDITION_REFERENCE_SID]) VALUES (74,24,'RELATIONSHIP_LEVEL_DEFINITION.VERSION_NO','?','EQUAL_TO','AND',1,NULL)
INSERT INTO [HIERARCHY_SITUTATION_TABLE_DETAILS] ([HIERARCHY_SITUTATION_TABLE_DETAILS_SID],[HIERARCHY_SITUTATION_DETAILS_SID],[LEFT_COLUMN_NAME],[RIGHT_COLUMN_NAME],[CONDITION_TYPE],[EXPRESSION_COLUMN_ORDER],[JOIN_CONDTION_ORDER_SID],[JOIN_CONDITION_REFERENCE_SID]) VALUES (75,24,'RELATIONSHIP_LEVEL_DEFINITION.LEVEL_NO','?','EQUAL_TO','AND',1,NULL)
INSERT INTO [HIERARCHY_SITUTATION_TABLE_DETAILS] ([HIERARCHY_SITUTATION_TABLE_DETAILS_SID],[HIERARCHY_SITUTATION_DETAILS_SID],[LEFT_COLUMN_NAME],[RIGHT_COLUMN_NAME],[CONDITION_TYPE],[EXPRESSION_COLUMN_ORDER],[JOIN_CONDTION_ORDER_SID],[JOIN_CONDITION_REFERENCE_SID]) VALUES (76,24,'RELATIONSHIP_LEVEL_DEFINITION.HIERARCHY_NO','?','LIKE','AND',1,NULL)
INSERT INTO [HIERARCHY_SITUTATION_TABLE_DETAILS] ([HIERARCHY_SITUTATION_TABLE_DETAILS_SID],[HIERARCHY_SITUTATION_DETAILS_SID],[LEFT_COLUMN_NAME],[RIGHT_COLUMN_NAME],[CONDITION_TYPE],[EXPRESSION_COLUMN_ORDER],[JOIN_CONDTION_ORDER_SID],[JOIN_CONDITION_REFERENCE_SID]) VALUES (77,24,'RELATIONSHIP_LEVEL_DEFINITION.RELATIONSHIP_BUILDER_SID','?','EQUAL_TO','AND',1,NULL)
INSERT INTO [HIERARCHY_SITUTATION_TABLE_DETAILS] ([HIERARCHY_SITUTATION_TABLE_DETAILS_SID],[HIERARCHY_SITUTATION_DETAILS_SID],[LEFT_COLUMN_NAME],[RIGHT_COLUMN_NAME],[CONDITION_TYPE],[EXPRESSION_COLUMN_ORDER],[JOIN_CONDTION_ORDER_SID],[JOIN_CONDITION_REFERENCE_SID]) VALUES (78,25,'RELATIONSHIP_LEVEL_DEFINITION.RELATIONSHIP_BUILDER_SID','HIERARCHY_NO_JOIN.RELATIONSHIP_BUILDER_SID','EQUAL_TO','AND',1,NULL)
INSERT INTO [HIERARCHY_SITUTATION_TABLE_DETAILS] ([HIERARCHY_SITUTATION_TABLE_DETAILS_SID],[HIERARCHY_SITUTATION_DETAILS_SID],[LEFT_COLUMN_NAME],[RIGHT_COLUMN_NAME],[CONDITION_TYPE],[EXPRESSION_COLUMN_ORDER],[JOIN_CONDTION_ORDER_SID],[JOIN_CONDITION_REFERENCE_SID]) VALUES (79,25,'RELATIONSHIP_LEVEL_DEFINITION.HIERARCHY_NO','HIERARCHY_NO_JOIN.HIERARCHY_NO + ''%''','LIKE','AND',1,NULL)
INSERT INTO [HIERARCHY_SITUTATION_TABLE_DETAILS] ([HIERARCHY_SITUTATION_TABLE_DETAILS_SID],[HIERARCHY_SITUTATION_DETAILS_SID],[LEFT_COLUMN_NAME],[RIGHT_COLUMN_NAME],[CONDITION_TYPE],[EXPRESSION_COLUMN_ORDER],[JOIN_CONDTION_ORDER_SID],[JOIN_CONDITION_REFERENCE_SID]) VALUES (80,25,'HIERARCHY_NO_JOIN.VERSION_NO','?','EQUAL_TO','AND',1,NULL)
INSERT INTO [HIERARCHY_SITUTATION_TABLE_DETAILS] ([HIERARCHY_SITUTATION_TABLE_DETAILS_SID],[HIERARCHY_SITUTATION_DETAILS_SID],[LEFT_COLUMN_NAME],[RIGHT_COLUMN_NAME],[CONDITION_TYPE],[EXPRESSION_COLUMN_ORDER],[JOIN_CONDTION_ORDER_SID],[JOIN_CONDITION_REFERENCE_SID]) VALUES (81,25,'HIERARCHY_NO_JOIN.LEVEL_NO','?','LESSTHAN','AND',1,NULL)
INSERT INTO [HIERARCHY_SITUTATION_TABLE_DETAILS] ([HIERARCHY_SITUTATION_TABLE_DETAILS_SID],[HIERARCHY_SITUTATION_DETAILS_SID],[LEFT_COLUMN_NAME],[RIGHT_COLUMN_NAME],[CONDITION_TYPE],[EXPRESSION_COLUMN_ORDER],[JOIN_CONDTION_ORDER_SID],[JOIN_CONDITION_REFERENCE_SID]) VALUES (82,25,'HIERARCHY_NO_JOIN.HIERARCHY_NO','?','NOT_IN','AND',1,NULL)
INSERT INTO [HIERARCHY_SITUTATION_TABLE_DETAILS] ([HIERARCHY_SITUTATION_TABLE_DETAILS_SID],[HIERARCHY_SITUTATION_DETAILS_SID],[LEFT_COLUMN_NAME],[RIGHT_COLUMN_NAME],[CONDITION_TYPE],[EXPRESSION_COLUMN_ORDER],[JOIN_CONDTION_ORDER_SID],[JOIN_CONDITION_REFERENCE_SID]) VALUES (83,26,'HIERARCHY_LEVEL_DEFINITION.HIERARCHY_LEVEL_DEFINITION_SID','HIERARCHY_NO_JOIN.HIERARCHY_LEVEL_DEFINITION_SID','EQUAL_TO','AND',1,NULL)
INSERT INTO [HIERARCHY_SITUTATION_TABLE_DETAILS] ([HIERARCHY_SITUTATION_TABLE_DETAILS_SID],[HIERARCHY_SITUTATION_DETAILS_SID],[LEFT_COLUMN_NAME],[RIGHT_COLUMN_NAME],[CONDITION_TYPE],[EXPRESSION_COLUMN_ORDER],[JOIN_CONDTION_ORDER_SID],[JOIN_CONDITION_REFERENCE_SID]) VALUES (84,27,'RELATIONSHIP_LEVEL_DEFINITION.RELATIONSHIP_LEVEL_Values','$WhereClauseColumnCurrentLevel','EQUAL_TO','AND',1,NULL)
INSERT INTO [HIERARCHY_SITUTATION_TABLE_DETAILS] ([HIERARCHY_SITUTATION_TABLE_DETAILS_SID],[HIERARCHY_SITUTATION_DETAILS_SID],[LEFT_COLUMN_NAME],[RIGHT_COLUMN_NAME],[CONDITION_TYPE],[EXPRESSION_COLUMN_ORDER],[JOIN_CONDTION_ORDER_SID],[JOIN_CONDITION_REFERENCE_SID]) VALUES (85,27,'RELATIONSHIP_LEVEL_DEFINITION.RELATIONSHIP_BUILDER_SID','?','EQUAL_TO','AND',1,NULL)
INSERT INTO [HIERARCHY_SITUTATION_TABLE_DETAILS] ([HIERARCHY_SITUTATION_TABLE_DETAILS_SID],[HIERARCHY_SITUTATION_DETAILS_SID],[LEFT_COLUMN_NAME],[RIGHT_COLUMN_NAME],[CONDITION_TYPE],[EXPRESSION_COLUMN_ORDER],[JOIN_CONDTION_ORDER_SID],[JOIN_CONDITION_REFERENCE_SID]) VALUES (86,27,'RELATIONSHIP_LEVEL_DEFINITION.LEVEL_NO','?','EQUAL_TO','AND',1,NULL)
INSERT INTO [HIERARCHY_SITUTATION_TABLE_DETAILS] ([HIERARCHY_SITUTATION_TABLE_DETAILS_SID],[HIERARCHY_SITUTATION_DETAILS_SID],[LEFT_COLUMN_NAME],[RIGHT_COLUMN_NAME],[CONDITION_TYPE],[EXPRESSION_COLUMN_ORDER],[JOIN_CONDTION_ORDER_SID],[JOIN_CONDITION_REFERENCE_SID]) VALUES (87,27,'RELATIONSHIP_LEVEL_DEFINITION.VERSION_NO','?','EQUAL_TO','AND',1,NULL)
INSERT INTO [HIERARCHY_SITUTATION_TABLE_DETAILS] ([HIERARCHY_SITUTATION_TABLE_DETAILS_SID],[HIERARCHY_SITUTATION_DETAILS_SID],[LEFT_COLUMN_NAME],[RIGHT_COLUMN_NAME],[CONDITION_TYPE],[EXPRESSION_COLUMN_ORDER],[JOIN_CONDTION_ORDER_SID],[JOIN_CONDITION_REFERENCE_SID]) VALUES (88,27,'RELATIONSHIP_LEVEL_DEFINITION.HIERARCHY_NO','?','LIKE','AND',1,NULL)
INSERT INTO [HIERARCHY_SITUTATION_TABLE_DETAILS] ([HIERARCHY_SITUTATION_TABLE_DETAILS_SID],[HIERARCHY_SITUTATION_DETAILS_SID],[LEFT_COLUMN_NAME],[RIGHT_COLUMN_NAME],[CONDITION_TYPE],[EXPRESSION_COLUMN_ORDER],[JOIN_CONDTION_ORDER_SID],[JOIN_CONDITION_REFERENCE_SID]) VALUES (89,27,'RELATIONSHIP_LEVEL_DEFINITION.HIERARCHY_NO','$HierachyNoFormationCurrentLevel','LIKE','AND',1,NULL)
INSERT INTO [HIERARCHY_SITUTATION_TABLE_DETAILS] ([HIERARCHY_SITUTATION_TABLE_DETAILS_SID],[HIERARCHY_SITUTATION_DETAILS_SID],[LEFT_COLUMN_NAME],[RIGHT_COLUMN_NAME],[CONDITION_TYPE],[EXPRESSION_COLUMN_ORDER],[JOIN_CONDTION_ORDER_SID],[JOIN_CONDITION_REFERENCE_SID]) VALUES (90,28,'RELATIONSHIP_LEVEL_DEFINITION.RELATIONSHIP_BUILDER_SID','HIERARCHY_NO_JOIN.RELATIONSHIP_BUILDER_SID','EQUAL_TO','AND',1,NULL)
INSERT INTO [HIERARCHY_SITUTATION_TABLE_DETAILS] ([HIERARCHY_SITUTATION_TABLE_DETAILS_SID],[HIERARCHY_SITUTATION_DETAILS_SID],[LEFT_COLUMN_NAME],[RIGHT_COLUMN_NAME],[CONDITION_TYPE],[EXPRESSION_COLUMN_ORDER],[JOIN_CONDTION_ORDER_SID],[JOIN_CONDITION_REFERENCE_SID]) VALUES (91,28,'RELATIONSHIP_LEVEL_DEFINITION.HIERARCHY_NO','HIERARCHY_NO_JOIN.HIERARCHY_NO + ''%''','LIKE','AND',1,NULL)
INSERT INTO [HIERARCHY_SITUTATION_TABLE_DETAILS] ([HIERARCHY_SITUTATION_TABLE_DETAILS_SID],[HIERARCHY_SITUTATION_DETAILS_SID],[LEFT_COLUMN_NAME],[RIGHT_COLUMN_NAME],[CONDITION_TYPE],[EXPRESSION_COLUMN_ORDER],[JOIN_CONDTION_ORDER_SID],[JOIN_CONDITION_REFERENCE_SID]) VALUES (92,28,'HIERARCHY_NO_JOIN.VERSION_NO','?','EQUAL_TO','AND',1,NULL)
INSERT INTO [HIERARCHY_SITUTATION_TABLE_DETAILS] ([HIERARCHY_SITUTATION_TABLE_DETAILS_SID],[HIERARCHY_SITUTATION_DETAILS_SID],[LEFT_COLUMN_NAME],[RIGHT_COLUMN_NAME],[CONDITION_TYPE],[EXPRESSION_COLUMN_ORDER],[JOIN_CONDTION_ORDER_SID],[JOIN_CONDITION_REFERENCE_SID]) VALUES (93,28,'HIERARCHY_NO_JOIN.LEVEL_NO','?','LESSTHAN','AND',1,NULL)
INSERT INTO [HIERARCHY_SITUTATION_TABLE_DETAILS] ([HIERARCHY_SITUTATION_TABLE_DETAILS_SID],[HIERARCHY_SITUTATION_DETAILS_SID],[LEFT_COLUMN_NAME],[RIGHT_COLUMN_NAME],[CONDITION_TYPE],[EXPRESSION_COLUMN_ORDER],[JOIN_CONDTION_ORDER_SID],[JOIN_CONDITION_REFERENCE_SID]) VALUES (94,28,'HIERARCHY_NO_JOIN.HIERARCHY_NO','?','NOT_IN','AND',1,NULL)
INSERT INTO [HIERARCHY_SITUTATION_TABLE_DETAILS] ([HIERARCHY_SITUTATION_TABLE_DETAILS_SID],[HIERARCHY_SITUTATION_DETAILS_SID],[LEFT_COLUMN_NAME],[RIGHT_COLUMN_NAME],[CONDITION_TYPE],[EXPRESSION_COLUMN_ORDER],[JOIN_CONDTION_ORDER_SID],[JOIN_CONDITION_REFERENCE_SID]) VALUES (95,14,'RELATIONSHIP_LEVEL_DEFINITION.RELATIONSHIP_LEVEL_Values','ITEM_MASTER.ITEM_MASTER_SID','EQUAL_TO','AND',1,NULL)
SET IDENTITY_INSERT HIERARCHY_SITUTATION_TABLE_DETAILS OFF 

IF NOT EXISTS (
		SELECT 'X'
		FROM INFORMATION_SCHEMA.TABLES
		WHERE TABLE_NAME = 'HIERARCHY_SITUTATION_SELECT'
			AND TABLE_SCHEMA = 'DBO'
		)
BEGIN
	CREATE TABLE [DBO].[HIERARCHY_SITUTATION_SELECT] (
		HIERARCHY_SITUTATION_SELECT_SID INT IDENTITY(1, 1) NOT NULL
		,HIERARCHY_SITUTATION_TABLE_SID INT
		,SELECT_COLUMN VARCHAR(500)
		,ALIAS_NAME VARCHAR(500)
		)
END
GO



IF NOT EXISTS(SELECT 1
              FROM   SYS.KEY_CONSTRAINTS
              WHERE  Object_name(PARENT_OBJECT_ID) = 'HIERARCHY_SITUTATION_SELECT'
                     AND Schema_name(SCHEMA_ID) = 'DBO'
                     AND NAME = 'PK_HIERARCHY_SITUTATION_SELECT_HIERARCHY_SITUTATION_SELECT_SID'
                     AND TYPE = 'PK')
  BEGIN
      ALTER TABLE [DBO].HIERARCHY_SITUTATION_SELECT
        ADD CONSTRAINT PK_HIERARCHY_SITUTATION_SELECT_HIERARCHY_SITUTATION_SELECT_SID PRIMARY KEY ( HIERARCHY_SITUTATION_SELECT_SID)
  END

GO

IF EXISTS(SELECT 1 FROM HIERARCHY_SITUTATION_SELECT)
BEGIN
	TRUNCATE TABLE HIERARCHY_SITUTATION_SELECT
END
GO 







SET IDENTITY_INSERT HIERARCHY_SITUTATION_SELECT ON 

INSERT INTO [HIERARCHY_SITUTATION_SELECT] ([HIERARCHY_SITUTATION_SELECT_SID],[HIERARCHY_SITUTATION_TABLE_SID],[SELECT_COLUMN],[ALIAS_NAME]) VALUES (1,1,'$SelectMasterSid','MasterSid')
INSERT INTO [HIERARCHY_SITUTATION_SELECT] ([HIERARCHY_SITUTATION_SELECT_SID],[HIERARCHY_SITUTATION_TABLE_SID],[SELECT_COLUMN],[ALIAS_NAME]) VALUES (2,1,'?','RELATIONSHIP_BUILDER_SID')
INSERT INTO [HIERARCHY_SITUTATION_SELECT] ([HIERARCHY_SITUTATION_SELECT_SID],[HIERARCHY_SITUTATION_TABLE_SID],[SELECT_COLUMN],[ALIAS_NAME]) VALUES (3,1,'?','HIERARCHY_LEVEL_DEFINITION_SID')
INSERT INTO [HIERARCHY_SITUTATION_SELECT] ([HIERARCHY_SITUTATION_SELECT_SID],[HIERARCHY_SITUTATION_TABLE_SID],[SELECT_COLUMN],[ALIAS_NAME]) VALUES (4,1,'?','LEVEL_NO')
INSERT INTO [HIERARCHY_SITUTATION_SELECT] ([HIERARCHY_SITUTATION_SELECT_SID],[HIERARCHY_SITUTATION_TABLE_SID],[SELECT_COLUMN],[ALIAS_NAME]) VALUES (5,1,'?','LEVEL_NAME')
INSERT INTO [HIERARCHY_SITUTATION_SELECT] ([HIERARCHY_SITUTATION_SELECT_SID],[HIERARCHY_SITUTATION_TABLE_SID],[SELECT_COLUMN],[ALIAS_NAME]) VALUES (6,1,'$ParentNode','PARENT_NODE')
INSERT INTO [HIERARCHY_SITUTATION_SELECT] ([HIERARCHY_SITUTATION_SELECT_SID],[HIERARCHY_SITUTATION_TABLE_SID],[SELECT_COLUMN],[ALIAS_NAME]) VALUES (7,1,'$SelectHierarchyNo','HIERARCHY_NO')
INSERT INTO [HIERARCHY_SITUTATION_SELECT] ([HIERARCHY_SITUTATION_SELECT_SID],[HIERARCHY_SITUTATION_TABLE_SID],[SELECT_COLUMN],[ALIAS_NAME]) VALUES (8,1,'''F''','FLAG')
INSERT INTO [HIERARCHY_SITUTATION_SELECT] ([HIERARCHY_SITUTATION_SELECT_SID],[HIERARCHY_SITUTATION_TABLE_SID],[SELECT_COLUMN],[ALIAS_NAME]) VALUES (9,1,'?','CREATED_BY')
INSERT INTO [HIERARCHY_SITUTATION_SELECT] ([HIERARCHY_SITUTATION_SELECT_SID],[HIERARCHY_SITUTATION_TABLE_SID],[SELECT_COLUMN],[ALIAS_NAME]) VALUES (10,1,'getdate()','CREATED_DATE')
INSERT INTO [HIERARCHY_SITUTATION_SELECT] ([HIERARCHY_SITUTATION_SELECT_SID],[HIERARCHY_SITUTATION_TABLE_SID],[SELECT_COLUMN],[ALIAS_NAME]) VALUES (11,1,'?','MODIFIED_BY')
INSERT INTO [HIERARCHY_SITUTATION_SELECT] ([HIERARCHY_SITUTATION_SELECT_SID],[HIERARCHY_SITUTATION_TABLE_SID],[SELECT_COLUMN],[ALIAS_NAME]) VALUES (12,1,'getdate()','MODIFIED_DATE')
INSERT INTO [HIERARCHY_SITUTATION_SELECT] ([HIERARCHY_SITUTATION_SELECT_SID],[HIERARCHY_SITUTATION_TABLE_SID],[SELECT_COLUMN],[ALIAS_NAME]) VALUES (13,1,'?','VERSION_NO')
INSERT INTO [HIERARCHY_SITUTATION_SELECT] ([HIERARCHY_SITUTATION_SELECT_SID],[HIERARCHY_SITUTATION_TABLE_SID],[SELECT_COLUMN],[ALIAS_NAME]) VALUES (14,1,'$SelectHierarchyNo','PARENT_HIERARCHY_NO')
INSERT INTO [HIERARCHY_SITUTATION_SELECT] ([HIERARCHY_SITUTATION_SELECT_SID],[HIERARCHY_SITUTATION_TABLE_SID],[SELECT_COLUMN],[ALIAS_NAME]) VALUES (15,1,'1','NEETTOINSERT')
INSERT INTO [HIERARCHY_SITUTATION_SELECT] ([HIERARCHY_SITUTATION_SELECT_SID],[HIERARCHY_SITUTATION_TABLE_SID],[SELECT_COLUMN],[ALIAS_NAME]) VALUES (16,2,'$SelectColumn','selectColumn')
INSERT INTO [HIERARCHY_SITUTATION_SELECT] ([HIERARCHY_SITUTATION_SELECT_SID],[HIERARCHY_SITUTATION_TABLE_SID],[SELECT_COLUMN],[ALIAS_NAME]) VALUES (17,2,'$SelectMasterSid','selectMasterSid')
INSERT INTO [HIERARCHY_SITUTATION_SELECT] ([HIERARCHY_SITUTATION_SELECT_SID],[HIERARCHY_SITUTATION_TABLE_SID],[SELECT_COLUMN],[ALIAS_NAME]) VALUES (18,2,'RELATIONSHIP_LEVEL_DEFINITION.HIERARCHY_NO','HIERARCHY_NO')
INSERT INTO [HIERARCHY_SITUTATION_SELECT] ([HIERARCHY_SITUTATION_SELECT_SID],[HIERARCHY_SITUTATION_TABLE_SID],[SELECT_COLUMN],[ALIAS_NAME]) VALUES (19,3,'PARENT_RELATION.RELATIONSHIP_LEVEL_VALUES','parent_relationrelationship_level_values')
INSERT INTO [HIERARCHY_SITUTATION_SELECT] ([HIERARCHY_SITUTATION_SELECT_SID],[HIERARCHY_SITUTATION_TABLE_SID],[SELECT_COLUMN],[ALIAS_NAME]) VALUES (20,3,'PARENT_RELATION.LEVEL_NO','parent_relationlevel_no')
INSERT INTO [HIERARCHY_SITUTATION_SELECT] ([HIERARCHY_SITUTATION_SELECT_SID],[HIERARCHY_SITUTATION_TABLE_SID],[SELECT_COLUMN],[ALIAS_NAME]) VALUES (21,3,'PARENT_RELATION.PARENT_NODE','parent_relationparent_node')
INSERT INTO [HIERARCHY_SITUTATION_SELECT] ([HIERARCHY_SITUTATION_SELECT_SID],[HIERARCHY_SITUTATION_TABLE_SID],[SELECT_COLUMN],[ALIAS_NAME]) VALUES (22,3,'PARENT_RELATION.RELATIONSHIP_LEVEL_SID','parent_relationrelationship_level_sid')
INSERT INTO [HIERARCHY_SITUTATION_SELECT] ([HIERARCHY_SITUTATION_SELECT_SID],[HIERARCHY_SITUTATION_TABLE_SID],[SELECT_COLUMN],[ALIAS_NAME]) VALUES (23,3,'PARENT_RELATION.HIERARCHY_NO','parent_relationhierarchy_no')
INSERT INTO [HIERARCHY_SITUTATION_SELECT] ([HIERARCHY_SITUTATION_SELECT_SID],[HIERARCHY_SITUTATION_TABLE_SID],[SELECT_COLUMN],[ALIAS_NAME]) VALUES (24,3,'PARENT_RELATION.RELATIONSHIP_BUILDER_SID','parent_relationrelationship_builder_sid')
INSERT INTO [HIERARCHY_SITUTATION_SELECT] ([HIERARCHY_SITUTATION_SELECT_SID],[HIERARCHY_SITUTATION_TABLE_SID],[SELECT_COLUMN],[ALIAS_NAME]) VALUES (25,4,'$SelectColumn','selectColumn')
INSERT INTO [HIERARCHY_SITUTATION_SELECT] ([HIERARCHY_SITUTATION_SELECT_SID],[HIERARCHY_SITUTATION_TABLE_SID],[SELECT_COLUMN],[ALIAS_NAME]) VALUES (26,4,'$SelectMasterSid','selectMasterSid')
INSERT INTO [HIERARCHY_SITUTATION_SELECT] ([HIERARCHY_SITUTATION_SELECT_SID],[HIERARCHY_SITUTATION_TABLE_SID],[SELECT_COLUMN],[ALIAS_NAME]) VALUES (27,4,'$SelectCheckHierarchyNo','SelectCheckHierarchyNo')
INSERT INTO [HIERARCHY_SITUTATION_SELECT] ([HIERARCHY_SITUTATION_SELECT_SID],[HIERARCHY_SITUTATION_TABLE_SID],[SELECT_COLUMN],[ALIAS_NAME]) VALUES (28,9,'PARENT_RELATION.RELATIONSHIP_LEVEL_VALUES','parent_relationrelationship_level_values')
INSERT INTO [HIERARCHY_SITUTATION_SELECT] ([HIERARCHY_SITUTATION_SELECT_SID],[HIERARCHY_SITUTATION_TABLE_SID],[SELECT_COLUMN],[ALIAS_NAME]) VALUES (29,9,'PARENT_RELATION.LEVEL_NO','parent_relationlevel_no')
INSERT INTO [HIERARCHY_SITUTATION_SELECT] ([HIERARCHY_SITUTATION_SELECT_SID],[HIERARCHY_SITUTATION_TABLE_SID],[SELECT_COLUMN],[ALIAS_NAME]) VALUES (30,9,'PARENT_RELATION.PARENT_NODE','parent_relationparent_node')
INSERT INTO [HIERARCHY_SITUTATION_SELECT] ([HIERARCHY_SITUTATION_SELECT_SID],[HIERARCHY_SITUTATION_TABLE_SID],[SELECT_COLUMN],[ALIAS_NAME]) VALUES (31,9,'PARENT_RELATION.RELATIONSHIP_LEVEL_SID','parent_relationrelationship_level_sid')
INSERT INTO [HIERARCHY_SITUTATION_SELECT] ([HIERARCHY_SITUTATION_SELECT_SID],[HIERARCHY_SITUTATION_TABLE_SID],[SELECT_COLUMN],[ALIAS_NAME]) VALUES (32,9,'PARENT_RELATION.HIERARCHY_NO','parent_relationhierarchy_no')
INSERT INTO [HIERARCHY_SITUTATION_SELECT] ([HIERARCHY_SITUTATION_SELECT_SID],[HIERARCHY_SITUTATION_TABLE_SID],[SELECT_COLUMN],[ALIAS_NAME]) VALUES (33,9,'PARENT_RELATION.RELATIONSHIP_BUILDER_SID','parent_relationrelationship_builder_sid')
INSERT INTO [HIERARCHY_SITUTATION_SELECT] ([HIERARCHY_SITUTATION_SELECT_SID],[HIERARCHY_SITUTATION_TABLE_SID],[SELECT_COLUMN],[ALIAS_NAME]) VALUES (34,9,'STr.DESCRIPTION','strdescription')
INSERT INTO [HIERARCHY_SITUTATION_SELECT] ([HIERARCHY_SITUTATION_SELECT_SID],[HIERARCHY_SITUTATION_TABLE_SID],[SELECT_COLUMN],[ALIAS_NAME]) VALUES (35,9,'FORm.DESCRIPTION','formdescription')
INSERT INTO [HIERARCHY_SITUTATION_SELECT] ([HIERARCHY_SITUTATION_SELECT_SID],[HIERARCHY_SITUTATION_TABLE_SID],[SELECT_COLUMN],[ALIAS_NAME]) VALUES (36,10,'PARENT_RELATION.RELATIONSHIP_LEVEL_VALUES','parent_relationrelationship_level_values')
INSERT INTO [HIERARCHY_SITUTATION_SELECT] ([HIERARCHY_SITUTATION_SELECT_SID],[HIERARCHY_SITUTATION_TABLE_SID],[SELECT_COLUMN],[ALIAS_NAME]) VALUES (37,10,'PARENT_RELATION.LEVEL_NO','parent_relationlevel_no')
INSERT INTO [HIERARCHY_SITUTATION_SELECT] ([HIERARCHY_SITUTATION_SELECT_SID],[HIERARCHY_SITUTATION_TABLE_SID],[SELECT_COLUMN],[ALIAS_NAME]) VALUES (38,10,'PARENT_RELATION.PARENT_NODE','parent_relationparent_node')
INSERT INTO [HIERARCHY_SITUTATION_SELECT] ([HIERARCHY_SITUTATION_SELECT_SID],[HIERARCHY_SITUTATION_TABLE_SID],[SELECT_COLUMN],[ALIAS_NAME]) VALUES (39,10,'PARENT_RELATION.RELATIONSHIP_LEVEL_SID','parent_relationrelationship_level_sid')
INSERT INTO [HIERARCHY_SITUTATION_SELECT] ([HIERARCHY_SITUTATION_SELECT_SID],[HIERARCHY_SITUTATION_TABLE_SID],[SELECT_COLUMN],[ALIAS_NAME]) VALUES (40,10,'PARENT_RELATION.HIERARCHY_NO','parent_relationhierarchy_no')
INSERT INTO [HIERARCHY_SITUTATION_SELECT] ([HIERARCHY_SITUTATION_SELECT_SID],[HIERARCHY_SITUTATION_TABLE_SID],[SELECT_COLUMN],[ALIAS_NAME]) VALUES (41,10,'PARENT_RELATION.RELATIONSHIP_BUILDER_SID','parent_relationrelationship_builder_sid')
INSERT INTO [HIERARCHY_SITUTATION_SELECT] ([HIERARCHY_SITUTATION_SELECT_SID],[HIERARCHY_SITUTATION_TABLE_SID],[SELECT_COLUMN],[ALIAS_NAME]) VALUES (42,5,'$SelectColumn','selectColumn')
INSERT INTO [HIERARCHY_SITUTATION_SELECT] ([HIERARCHY_SITUTATION_SELECT_SID],[HIERARCHY_SITUTATION_TABLE_SID],[SELECT_COLUMN],[ALIAS_NAME]) VALUES (43,5,'$SelectMasterSid','selectMasterSid')
INSERT INTO [HIERARCHY_SITUTATION_SELECT] ([HIERARCHY_SITUTATION_SELECT_SID],[HIERARCHY_SITUTATION_TABLE_SID],[SELECT_COLUMN],[ALIAS_NAME]) VALUES (44,6,'$SelectColumn','selectColumn')
INSERT INTO [HIERARCHY_SITUTATION_SELECT] ([HIERARCHY_SITUTATION_SELECT_SID],[HIERARCHY_SITUTATION_TABLE_SID],[SELECT_COLUMN],[ALIAS_NAME]) VALUES (45,6,'$SelectMasterSid','selectMasterSid')
INSERT INTO [HIERARCHY_SITUTATION_SELECT] ([HIERARCHY_SITUTATION_SELECT_SID],[HIERARCHY_SITUTATION_TABLE_SID],[SELECT_COLUMN],[ALIAS_NAME]) VALUES (46,7,'$SelectMasterSid','MasterSid')
INSERT INTO [HIERARCHY_SITUTATION_SELECT] ([HIERARCHY_SITUTATION_SELECT_SID],[HIERARCHY_SITUTATION_TABLE_SID],[SELECT_COLUMN],[ALIAS_NAME]) VALUES (47,7,'?','RELATIONSHIP_BUILDER_SID')
INSERT INTO [HIERARCHY_SITUTATION_SELECT] ([HIERARCHY_SITUTATION_SELECT_SID],[HIERARCHY_SITUTATION_TABLE_SID],[SELECT_COLUMN],[ALIAS_NAME]) VALUES (48,7,'?','HIERARCHY_LEVEL_DEFINITION_SID')
INSERT INTO [HIERARCHY_SITUTATION_SELECT] ([HIERARCHY_SITUTATION_SELECT_SID],[HIERARCHY_SITUTATION_TABLE_SID],[SELECT_COLUMN],[ALIAS_NAME]) VALUES (49,7,'?','LEVEL_NO')
INSERT INTO [HIERARCHY_SITUTATION_SELECT] ([HIERARCHY_SITUTATION_SELECT_SID],[HIERARCHY_SITUTATION_TABLE_SID],[SELECT_COLUMN],[ALIAS_NAME]) VALUES (50,7,'?','LEVEL_NAME')
INSERT INTO [HIERARCHY_SITUTATION_SELECT] ([HIERARCHY_SITUTATION_SELECT_SID],[HIERARCHY_SITUTATION_TABLE_SID],[SELECT_COLUMN],[ALIAS_NAME]) VALUES (51,7,'$ParentNode','PARENT_NODE')
INSERT INTO [HIERARCHY_SITUTATION_SELECT] ([HIERARCHY_SITUTATION_SELECT_SID],[HIERARCHY_SITUTATION_TABLE_SID],[SELECT_COLUMN],[ALIAS_NAME]) VALUES (52,7,'$HierarchyNoFormationForDeduction','HIERARCHY_NO')
INSERT INTO [HIERARCHY_SITUTATION_SELECT] ([HIERARCHY_SITUTATION_SELECT_SID],[HIERARCHY_SITUTATION_TABLE_SID],[SELECT_COLUMN],[ALIAS_NAME]) VALUES (53,7,'''F''','FLAG')
INSERT INTO [HIERARCHY_SITUTATION_SELECT] ([HIERARCHY_SITUTATION_SELECT_SID],[HIERARCHY_SITUTATION_TABLE_SID],[SELECT_COLUMN],[ALIAS_NAME]) VALUES (54,7,'?','CREATED_BY')
INSERT INTO [HIERARCHY_SITUTATION_SELECT] ([HIERARCHY_SITUTATION_SELECT_SID],[HIERARCHY_SITUTATION_TABLE_SID],[SELECT_COLUMN],[ALIAS_NAME]) VALUES (55,7,'getdate()','CREATED_DATE')
INSERT INTO [HIERARCHY_SITUTATION_SELECT] ([HIERARCHY_SITUTATION_SELECT_SID],[HIERARCHY_SITUTATION_TABLE_SID],[SELECT_COLUMN],[ALIAS_NAME]) VALUES (56,7,'?','MODIFIED_BY')
INSERT INTO [HIERARCHY_SITUTATION_SELECT] ([HIERARCHY_SITUTATION_SELECT_SID],[HIERARCHY_SITUTATION_TABLE_SID],[SELECT_COLUMN],[ALIAS_NAME]) VALUES (57,7,'getdate()','MODIFIED_DATE')
INSERT INTO [HIERARCHY_SITUTATION_SELECT] ([HIERARCHY_SITUTATION_SELECT_SID],[HIERARCHY_SITUTATION_TABLE_SID],[SELECT_COLUMN],[ALIAS_NAME]) VALUES (58,7,'?','VERSION_NO')
INSERT INTO [HIERARCHY_SITUTATION_SELECT] ([HIERARCHY_SITUTATION_SELECT_SID],[HIERARCHY_SITUTATION_TABLE_SID],[SELECT_COLUMN],[ALIAS_NAME]) VALUES (59,7,'$HierarchyNoFormationForDeduction','PARENT_HIERARCHY_NO')
INSERT INTO [HIERARCHY_SITUTATION_SELECT] ([HIERARCHY_SITUTATION_SELECT_SID],[HIERARCHY_SITUTATION_TABLE_SID],[SELECT_COLUMN],[ALIAS_NAME]) VALUES (60,7,'1','NEETTOINSERT')
INSERT INTO [HIERARCHY_SITUTATION_SELECT] ([HIERARCHY_SITUTATION_SELECT_SID],[HIERARCHY_SITUTATION_TABLE_SID],[SELECT_COLUMN],[ALIAS_NAME]) VALUES (61,11,'$SelectColumn','selectColumn')
INSERT INTO [HIERARCHY_SITUTATION_SELECT] ([HIERARCHY_SITUTATION_SELECT_SID],[HIERARCHY_SITUTATION_TABLE_SID],[SELECT_COLUMN],[ALIAS_NAME]) VALUES (62,11,'$SelectMasterSid','selectMasterSid')
INSERT INTO [HIERARCHY_SITUTATION_SELECT] ([HIERARCHY_SITUTATION_SELECT_SID],[HIERARCHY_SITUTATION_TABLE_SID],[SELECT_COLUMN],[ALIAS_NAME]) VALUES (63,11,'$HierarchyNoFormationForDeduction','SelectCheckHierarchyNo')
INSERT INTO [HIERARCHY_SITUTATION_SELECT] ([HIERARCHY_SITUTATION_SELECT_SID],[HIERARCHY_SITUTATION_TABLE_SID],[SELECT_COLUMN],[ALIAS_NAME]) VALUES (64,12,'COMPANY_MASTER.COMPANY_MASTER_SID','COMPANY_MASTER_SID')
INSERT INTO [HIERARCHY_SITUTATION_SELECT] ([HIERARCHY_SITUTATION_SELECT_SID],[HIERARCHY_SITUTATION_TABLE_SID],[SELECT_COLUMN],[ALIAS_NAME]) VALUES (65,12,'CONTRACT_MASTER.CONTRACT_MASTER_SID','CONTRACT_MASTER_SID')
INSERT INTO [HIERARCHY_SITUTATION_SELECT] ([HIERARCHY_SITUTATION_SELECT_SID],[HIERARCHY_SITUTATION_TABLE_SID],[SELECT_COLUMN],[ALIAS_NAME]) VALUES (66,12,'RELATIONSHIP_LEVEL_DEFINITION.HIERARCHY_NO','HIERARCHY_NO')
INSERT INTO [HIERARCHY_SITUTATION_SELECT] ([HIERARCHY_SITUTATION_SELECT_SID],[HIERARCHY_SITUTATION_TABLE_SID],[SELECT_COLUMN],[ALIAS_NAME]) VALUES (67,13,'ITEM_MASTER.ITEM_MASTER_SID','COMPANY_MASTER_SID')
INSERT INTO [HIERARCHY_SITUTATION_SELECT] ([HIERARCHY_SITUTATION_SELECT_SID],[HIERARCHY_SITUTATION_TABLE_SID],[SELECT_COLUMN],[ALIAS_NAME]) VALUES (68,13,'RELATIONSHIP_LEVEL_DEFINITION.HIERARCHY_NO','HIERARCHY_NO')
INSERT INTO [HIERARCHY_SITUTATION_SELECT] ([HIERARCHY_SITUTATION_SELECT_SID],[HIERARCHY_SITUTATION_TABLE_SID],[SELECT_COLUMN],[ALIAS_NAME]) VALUES (69,14,'COMPANY_MASTER.COMPANY_MASTER_SID','COMPANY_MASTER_SID')
INSERT INTO [HIERARCHY_SITUTATION_SELECT] ([HIERARCHY_SITUTATION_SELECT_SID],[HIERARCHY_SITUTATION_TABLE_SID],[SELECT_COLUMN],[ALIAS_NAME]) VALUES (70,14,'CONTRACT_MASTER.CONTRACT_MASTER_SID','CONTRACT_MASTER_SID')
INSERT INTO [HIERARCHY_SITUTATION_SELECT] ([HIERARCHY_SITUTATION_SELECT_SID],[HIERARCHY_SITUTATION_TABLE_SID],[SELECT_COLUMN],[ALIAS_NAME]) VALUES (71,15,'HIERARCHY_NO_JOIN.LEVEL_NO','hierarchy_no_joinlevel_no')
INSERT INTO [HIERARCHY_SITUTATION_SELECT] ([HIERARCHY_SITUTATION_SELECT_SID],[HIERARCHY_SITUTATION_TABLE_SID],[SELECT_COLUMN],[ALIAS_NAME]) VALUES (72,15,'HIERARCHY_NO_JOIN.RELATIONSHIP_LEVEL_VALUES','hierarchy_no_joinrelationship_level_values')
INSERT INTO [HIERARCHY_SITUTATION_SELECT] ([HIERARCHY_SITUTATION_SELECT_SID],[HIERARCHY_SITUTATION_TABLE_SID],[SELECT_COLUMN],[ALIAS_NAME]) VALUES (73,15,'HIERARCHY_NO_JOIN.PARENT_NODE','hierarchy_no_joinparent_node')
INSERT INTO [HIERARCHY_SITUTATION_SELECT] ([HIERARCHY_SITUTATION_SELECT_SID],[HIERARCHY_SITUTATION_TABLE_SID],[SELECT_COLUMN],[ALIAS_NAME]) VALUES (74,15,'HIERARCHY_NO_JOIN.LEVEL_NAME','hierarchy_no_joinlevel_name')
INSERT INTO [HIERARCHY_SITUTATION_SELECT] ([HIERARCHY_SITUTATION_SELECT_SID],[HIERARCHY_SITUTATION_TABLE_SID],[SELECT_COLUMN],[ALIAS_NAME]) VALUES (75,15,'HIERARCHY_LEVEL_DEFINITION.LEVEL_VALUE_REFERENCE','hierarchy_level_definitionlevel_value_reference')
INSERT INTO [HIERARCHY_SITUTATION_SELECT] ([HIERARCHY_SITUTATION_SELECT_SID],[HIERARCHY_SITUTATION_TABLE_SID],[SELECT_COLUMN],[ALIAS_NAME]) VALUES (76,15,'HIERARCHY_LEVEL_DEFINITION.TABLE_NAME','hierarchy_level_definitiontable_name')
INSERT INTO [HIERARCHY_SITUTATION_SELECT] ([HIERARCHY_SITUTATION_SELECT_SID],[HIERARCHY_SITUTATION_TABLE_SID],[SELECT_COLUMN],[ALIAS_NAME]) VALUES (77,15,'HIERARCHY_LEVEL_DEFINITION.FIELD_NAME','hierarchy_level_definitionfield_name')
INSERT INTO [HIERARCHY_SITUTATION_SELECT] ([HIERARCHY_SITUTATION_SELECT_SID],[HIERARCHY_SITUTATION_TABLE_SID],[SELECT_COLUMN],[ALIAS_NAME]) VALUES (78,15,'HIERARCHY_NO_JOIN.RELATIONSHIP_LEVEL_SID','hierarchy_no_joinrelationship_level_sid')
INSERT INTO [HIERARCHY_SITUTATION_SELECT] ([HIERARCHY_SITUTATION_SELECT_SID],[HIERARCHY_SITUTATION_TABLE_SID],[SELECT_COLUMN],[ALIAS_NAME]) VALUES (79,15,'HIERARCHY_NO_JOIN.HIERARCHY_NO','hierarchy_no_joinhierarchy_no')
INSERT INTO [HIERARCHY_SITUTATION_SELECT] ([HIERARCHY_SITUTATION_SELECT_SID],[HIERARCHY_SITUTATION_TABLE_SID],[SELECT_COLUMN],[ALIAS_NAME]) VALUES (80,15,'HIERARCHY_NO_JOIN.RELATIONSHIP_BUILDER_SID','hierarchy_no_joinrelationship_builder_sid')
INSERT INTO [HIERARCHY_SITUTATION_SELECT] ([HIERARCHY_SITUTATION_SELECT_SID],[HIERARCHY_SITUTATION_TABLE_SID],[SELECT_COLUMN],[ALIAS_NAME]) VALUES (81,15,'HIERARCHY_LEVEL_DEFINITION.HIERARCHY_LEVEL_DEFINITION_SID','hierarchy_level_sid')
INSERT INTO [HIERARCHY_SITUTATION_SELECT] ([HIERARCHY_SITUTATION_SELECT_SID],[HIERARCHY_SITUTATION_TABLE_SID],[SELECT_COLUMN],[ALIAS_NAME]) VALUES (82,15,'HIERARCHY_LEVEL_DEFINITION.HIERARCHY_DEFINITION_SID','HIERARCHY_DEFINITION_SID')
INSERT INTO [HIERARCHY_SITUTATION_SELECT] ([HIERARCHY_SITUTATION_SELECT_SID],[HIERARCHY_SITUTATION_TABLE_SID],[SELECT_COLUMN],[ALIAS_NAME]) VALUES (83,15,'HIERARCHY_LEVEL_DEFINITION.VERSION_NO','Hierarchy_version_no')
INSERT INTO [HIERARCHY_SITUTATION_SELECT] ([HIERARCHY_SITUTATION_SELECT_SID],[HIERARCHY_SITUTATION_TABLE_SID],[SELECT_COLUMN],[ALIAS_NAME]) VALUES (84,16,'HIERARCHY_NO_JOIN.HIERARCHY_NO','hierarchy_no_joinhierarchy_no')
INSERT INTO [HIERARCHY_SITUTATION_SELECT] ([HIERARCHY_SITUTATION_SELECT_SID],[HIERARCHY_SITUTATION_TABLE_SID],[SELECT_COLUMN],[ALIAS_NAME]) VALUES (85,8,'ITEM_MASTER.ITEM_MASTER_SID','ITEM_MASTER_SID')

SET IDENTITY_INSERT HIERARCHY_SITUTATION_SELECT OFF 


IF NOT EXISTS (
		SELECT 'X'
		FROM INFORMATION_SCHEMA.TABLES
		WHERE TABLE_NAME = 'HIERARCHY_SITUTATION_FILTER'
			AND TABLE_SCHEMA = 'DBO'
		)
BEGIN
	CREATE TABLE [DBO].[HIERARCHY_SITUTATION_FILTER] (
		HIERARCHY_SITUTATION_FILTER_SID INT IDENTITY(1, 1) NOT NULL
		,HIERARCHY_SITUTATION_TABLE_SID INT
		,LEFT_COLUMN VARCHAR(500)
		,RIGHT_COLUMN VARCHAR(500)
		,OPERATOR_TYPE VARCHAR(500)
		)
END
GO


IF NOT EXISTS(SELECT 1
              FROM   SYS.KEY_CONSTRAINTS
              WHERE  Object_name(PARENT_OBJECT_ID) = 'HIERARCHY_SITUTATION_FILTER'
                     AND Schema_name(SCHEMA_ID) = 'DBO'
                     AND NAME = 'PK_HIERARCHY_SITUTATION_FILTER_HIERARCHY_SITUTATION_FILTER_SID'
                     AND TYPE = 'PK')
  BEGIN
      ALTER TABLE [DBO].HIERARCHY_SITUTATION_FILTER
        ADD CONSTRAINT PK_HIERARCHY_SITUTATION_FILTER_HIERARCHY_SITUTATION_FILTER_SID PRIMARY KEY ( HIERARCHY_SITUTATION_FILTER_SID)
  END

GO

IF EXISTS(SELECT 1 FROM HIERARCHY_SITUTATION_FILTER)
BEGIN
	TRUNCATE TABLE HIERARCHY_SITUTATION_FILTER
END
GO 

SET IDENTITY_INSERT HIERARCHY_SITUTATION_FILTER ON 

INSERT INTO [HIERARCHY_SITUTATION_FILTER] ([HIERARCHY_SITUTATION_FILTER_SID],[HIERARCHY_SITUTATION_TABLE_SID],[LEFT_COLUMN],[RIGHT_COLUMN],[OPERATOR_TYPE]) VALUES (1,7,'RS_CONTRACT_DETAILS.ITEM_MASTER_SID',NULL,'IN')
INSERT INTO [HIERARCHY_SITUTATION_FILTER] ([HIERARCHY_SITUTATION_FILTER_SID],[HIERARCHY_SITUTATION_TABLE_SID],[LEFT_COLUMN],[RIGHT_COLUMN],[OPERATOR_TYPE]) VALUES (2,7,'UDCS.MASTER_TYPE','''RS_CONTRACT''','EQUAL_TO')

SET IDENTITY_INSERT HIERARCHY_SITUTATION_FILTER OFF 
